loc_id,weather,2017-02-01,2017-02-02,2017-02-03,2017-02-04,2017-02-05,2017-02-06,2017-02-07,2017-02-08,2017-02-09,2017-02-10,2017-02-11,2017-02-12,2017-02-13,2017-02-14,2017-02-15,2017-02-16,2017-02-17,2017-02-18,2017-02-19,2017-02-20,2017-02-21,2017-02-22,2017-02-23,2017-02-24,2017-02-25,2017-02-26,2017-02-27,2017-02-28,2017-03-01
81cea1e224ad183b751acce139f4e276,apparentTemperatureMax,,,43.63,44.86,36.72,40.04,47.24,35.93,28.93,28.04,29.28,34.26,42.99,50.55,50.68,51.63,52.92,52.86,52.35,60.55,55.01,54.08,50.46,43.58,43.51,51.67,42.12,37.83,42.04
81cea1e224ad183b751acce139f4e276,apparentTemperatureMaxTime,,,1486080000,1486220400,1486306800,1486389600,1486479600,1486555200,1486648800,1486742400,1486854000,1486936800,1486994400,1487084400,1487156400,1487257200,1487336400,1487430000,1487516400,1487599200,1487685600,1487764800,1487833200,1487948400,1488031200,1488110400,1488153600,1488322800,1488373200
81cea1e224ad183b751acce139f4e276,apparentTemperatureMin,,,32.88,33.96,33.66,30.58,35.19,30.86,27.14,26.67,25.26,27.08,30.77,29.69,40.85,39.52,38.69,36.74,32.65,45.71,45.65,50.36,34.49,30.04,36.25,41.58,30.73,27.73,34.61
81cea1e224ad183b751acce139f4e276,apparentTemperatureMinTime,,,1486159200,1486166400,1486270800,1486364400,1486425600,1486594800,1486670400,1486760400,1486800000,1486890000,1486969200,1487048400,1487199600,1487224800,1487372400,1487458800,1487473200,1487559600,1487660400,1487804400,1487890800,1487919600,1487980800,1488150000,1488236400,1488265200,1488409200
81cea1e224ad183b751acce139f4e276,cloudCover,,,0.69,0.31,0.5,0.42,0.56,0.88,1,0.92,1,1,0.14,0.53,0.7,0.53,0.41,0.56,0.69,0.81,0.9,0.95,0.69,0.24,0.68,0.86,0.63,0.59,0.72
81cea1e224ad183b751acce139f4e276,dewPoint,,,42.14,37.3,37.71,35.66,39.93,35.68,31.78,32.56,32.08,34.89,36.87,38.76,45.66,42.64,42.88,41.46,42.3,49.68,48.69,48.49,39.76,31.58,42.42,46.15,40.59,34.82,38.86
81cea1e224ad183b751acce139f4e276,humidity,,,0.87,0.88,0.93,0.9,0.88,0.89,0.88,0.94,0.92,0.92,0.83,0.84,0.95,0.87,0.87,0.88,0.88,0.88,0.88,0.88,0.74,0.69,0.86,0.89,0.88,0.83,0.82
81cea1e224ad183b751acce139f4e276,icon,,,partly-cloudy-day,partly-cloudy-day,partly-cloudy-day,partly-cloudy-night,partly-cloudy-day,partly-cloudy-day,fog,fog,cloudy,fog,clear-day,partly-cloudy-night,fog,partly-cloudy-day,partly-cloudy-day,fog,partly-cloudy-day,partly-cloudy-day,cloudy,wind,wind,partly-cloudy-day,cloudy,wind,partly-cloudy-day,partly-cloudy-night,wind
81cea1e224ad183b751acce139f4e276,moonPhase,,,0.23,0.27,0.3,0.34,0.38,0.41,0.45,0.49,0.52,0.55,0.59,0.62,0.65,0.68,0.71,0.74,0.77,0.8,0.83,0.86,0.89,0.93,0.96,0.99,0.03,0.06,0.1
81cea1e224ad183b751acce139f4e276,precipType,,,rain,rain,rain,rain,rain,rain,rain,rain,snow,rain,rain,rain,rain,rain,rain,rain,rain,rain,rain,rain,rain,rain,rain,rain,rain,rain,rain
81cea1e224ad183b751acce139f4e276,pressure,,,994.81,997.28,1003.34,1017.21,1014.23,1025.96,1027.43,1023.73,1022.36,1022,1021.16,1022.97,1027.79,1029.71,1027.94,1025.21,1022.68,1019.13,1016.4,1008.96,999.1,1016.2,1013.93,1006.24,990.47,988.92,998.56
81cea1e224ad183b751acce139f4e276,summary,,,Mostly cloudy throughout the day.,Partly cloudy until afternoon.,Mostly cloudy throughout the day.,Mostly cloudy throughout the day.,Partly cloudy throughout the day.,Mostly cloudy throughout the day.,Foggy overnight.,Foggy until afternoon.,Overcast throughout the day.,Foggy in the evening.,Clear throughout the day.,Mostly cloudy throughout the day.,Foggy in the morning.,Partly cloudy throughout the day.,Partly cloudy until afternoon.,Foggy in the morning.,Mostly cloudy throughout the day.,Mostly cloudy throughout the day.,Overcast throughout the day.,Breezy in the morning and overcast throughout the day.,Windy and mostly cloudy until evening.,Partly cloudy until evening.,Overcast until evening.,Mostly cloudy throughout the day and breezy in the evening.,Mostly cloudy throughout the day.,Mostly cloudy in the morning.,Mostly cloudy throughout the day and breezy overnight.
81cea1e224ad183b751acce139f4e276,sunriseTime,,,1486107482,1486193787,1486280089,1486366390,1486452688,1486538986,1486625281,1486711575,1486797867,1486884158,1486970447,1487056735,1487143022,1487229307,1487315591,1487401874,1487488155,1487574435,1487660714,1487746993,1487833270,1487919546,1488005821,1488092095,1488178368,1488264640,1488350912
81cea1e224ad183b751acce139f4e276,sunsetTime,,,1486140999,1486227508,1486314018,1486400527,1486487037,1486573547,1486660056,1486746566,1486833076,1486919585,1487006095,1487092604,1487179113,1487265622,1487352131,1487438639,1487525148,1487611656,1487698163,1487784671,1487871178,1487957684,1488044191,1488130697,1488217203,1488303708,1488390213
81cea1e224ad183b751acce139f4e276,temperatureMax,,,49.12,47.37,42.09,44.7,49.45,40.32,35.72,35.15,35.8,41.65,48.77,50.55,50.68,51.63,52.92,52.86,52.35,60.55,55.01,54.08,50.46,47.35,49.35,51.67,47.41,45.01,46.85
81cea1e224ad183b751acce139f4e276,temperatureMaxTime,,,1486080000,1486220400,1486306800,1486389600,1486479600,1486555200,1486648800,1486742400,1486854000,1486936800,1486994400,1487084400,1487156400,1487257200,1487336400,1487430000,1487516400,1487599200,1487685600,1487764800,1487833200,1487948400,1488031200,1488110400,1488153600,1488322800,1488373200
81cea1e224ad183b751acce139f4e276,temperatureMin,,,39.92,36.89,37.25,30.58,38.66,36.09,34.48,32.98,32.58,34.47,38.18,36.11,45.08,42.69,41.73,39.42,36.62,49.01,49.64,50.36,41.22,36.23,40.84,47.6,37.19,33.35,41.29
81cea1e224ad183b751acce139f4e276,temperatureMinTime,,,1486162800,1486180800,1486263600,1486364400,1486504800,1486594800,1486681200,1486753200,1486800000,1486890000,1486969200,1487048400,1487199600,1487221200,1487368800,1487458800,1487469600,1487563200,1487660400,1487804400,1487890800,1487916000,1487980800,1488150000,1488236400,1488265200,1488351600
81cea1e224ad183b751acce139f4e276,time,,,1486080000,1486166400,1486252800,1486339200,1486425600,1486512000,1486598400,1486684800,1486771200,1486857600,1486944000,1487030400,1487116800,1487203200,1487289600,1487376000,1487462400,1487548800,1487635200,1487721600,1487808000,1487894400,1487980800,1488067200,1488153600,1488240000,1488326400
81cea1e224ad183b751acce139f4e276,visibility,,,7.27,7.85,6.29,5.32,6.11,5.86,4.69,2.36,3.05,2.63,3.62,5.37,4.92,7.56,6.65,4.71,5.88,6.78,7.45,7.07,7.69,8.71,7.83,6.49,7.41,8.15,7.89
81cea1e224ad183b751acce139f4e276,windBearing,,,179,190,19,161,251,15,48,23,9,59,78,111,185,239,236,196,247,257,253,246,258,282,217,222,216,249,242
81cea1e224ad183b751acce139f4e276,windSpeed,,,10.88,2.9,4.1,3.89,1.96,4.64,7.89,7.63,7.91,10.1,12.9,7.28,5.77,7.13,4.85,5.57,6.79,10.2,12.14,16.37,20.17,6.93,14.02,15.41,11.73,11.14,9.74
7f2aa8e72612f9130e06b32a0d2a58d7,apparentTemperatureMax,50.23,51.27,44.87,45.28,37.41,41.22,46.8,37.54,30.32,28.87,29.34,33.95,40.48,50.33,51.25,51.51,53.54,53,52.64,61.34,54.89,54.86,51.07,42.96,43.65,52,42.71,38.39,42.75
7f2aa8e72612f9130e06b32a0d2a58d7,apparentTemperatureMaxTime,1485954000,1486051200,1486123200,1486220400,1486306800,1486389600,1486479600,1486515600,1486598400,1486695600,1486854000,1486936800,1486990800,1487084400,1487160000,1487257200,1487340000,1487430000,1487516400,1487599200,1487685600,1487764800,1487808000,1487944800,1488031200,1488110400,1488157200,1488322800,1488376800
7f2aa8e72612f9130e06b32a0d2a58d7,apparentTemperatureMin,43.4,43.05,33.59,34.53,34.28,32.29,34.79,30.63,27.34,26.6,25.61,27.29,30.71,30.73,40.72,39.59,39.39,37.39,34.57,45.13,50.15,50.67,34.42,30.64,36.74,42.29,31.08,27.54,35.03
7f2aa8e72612f9130e06b32a0d2a58d7,apparentTemperatureMinTime,1485907200,1486018800,1486159200,1486170000,1486288800,1486350000,1486429200,1486594800,1486666800,1486756800,1486800000,1486890000,1486969200,1487044800,1487199600,1487224800,1487372400,1487458800,1487476800,1487563200,1487660400,1487804400,1487890800,1487919600,1487980800,1488150000,1488236400,1488265200,1488409200
7f2aa8e72612f9130e06b32a0d2a58d7,cloudCover,0.92,0.67,0.69,0.18,0.4,0.12,0.34,0.88,1,0.88,1,0.98,0.02,0.28,0.46,0.33,0.26,0.41,0.53,0.58,0.78,0.92,0.57,0.17,0.68,0.81,0.44,0.46,0.61
7f2aa8e72612f9130e06b32a0d2a58d7,dewPoint,48.21,46.82,42.1,37.88,38.1,36.44,39.83,35.4,32.08,32.54,32.3,35.12,37.13,38.65,45.43,42.47,42.93,41.51,42.39,49.74,48.79,48.5,39.96,31.96,42.11,46.07,41.03,34.85,38.97
7f2aa8e72612f9130e06b32a0d2a58d7,humidity,0.95,0.88,0.84,0.89,0.93,0.88,0.87,0.89,0.88,0.92,0.92,0.92,0.85,0.82,0.92,0.85,0.85,0.87,0.86,0.86,0.87,0.86,0.73,0.68,0.84,0.87,0.88,0.82,0.81
7f2aa8e72612f9130e06b32a0d2a58d7,icon,fog,partly-cloudy-day,partly-cloudy-day,partly-cloudy-day,partly-cloudy-day,clear-day,partly-cloudy-day,partly-cloudy-day,fog,fog,fog,fog,clear-day,partly-cloudy-night,partly-cloudy-day,partly-cloudy-day,partly-cloudy-day,cloudy,partly-cloudy-day,partly-cloudy-day,wind,wind,wind,partly-cloudy-day,cloudy,partly-cloudy-day,partly-cloudy-day,partly-cloudy-day,wind
7f2aa8e72612f9130e06b32a0d2a58d7,moonPhase,0.15,0.19,0.23,0.27,0.3,0.34,0.38,0.41,0.45,0.49,0.52,0.55,0.59,0.62,0.65,0.68,0.71,0.74,0.77,0.8,0.83,0.86,0.89,0.93,0.96,0.99,0.03,0.06,0.1
7f2aa8e72612f9130e06b32a0d2a58d7,precipType,rain,rain,rain,rain,rain,rain,rain,rain,rain,rain,snow,rain,rain,rain,rain,rain,rain,rain,rain,rain,rain,rain,rain,rain,rain,rain,rain,rain,rain
7f2aa8e72612f9130e06b32a0d2a58d7,pressure,1006.99,997.81,995.32,997.42,1003.29,1017.33,1014.25,1025.86,1027.47,1023.55,1022.08,1022.19,1021.85,1023.39,1027.97,1029.59,1027.83,1025.27,1022.49,1018.72,1016.07,1008.58,998.5,1015.9,1014,1006.3,990.62,988.79,998.44
7f2aa8e72612f9130e06b32a0d2a58d7,summary,Foggy in the morning.,Mostly cloudy throughout the day.,Mostly cloudy until evening.,Mostly cloudy in the morning.,Mostly cloudy until evening.,Clear throughout the day.,Mostly cloudy in the morning.,Mostly cloudy throughout the day.,Foggy starting in the evening.,Foggy until afternoon.,Foggy throughout the day.,Foggy until afternoon.,Clear throughout the day.,"Mostly cloudy starting in the afternoon, continuing until evening.",Mostly cloudy until evening.,Mostly cloudy until afternoon.,Partly cloudy until afternoon.,Overcast until afternoon.,Mostly cloudy until evening.,Mostly cloudy until evening.,Mostly cloudy until evening and breezy overnight.,Breezy in the morning and mostly cloudy until evening.,Windy and mostly cloudy until evening.,Partly cloudy until afternoon.,Overcast until evening.,Mostly cloudy until evening.,Mostly cloudy until evening.,Mostly cloudy until evening.,Mostly cloudy throughout the day and breezy overnight.
7f2aa8e72612f9130e06b32a0d2a58d7,sunriseTime,1485934747,1486021055,1486107360,1486193664,1486279966,1486366266,1486452565,1486538862,1486625157,1486711450,1486797742,1486884033,1486970322,1487056609,1487142895,1487229180,1487315464,1487401746,1487488027,1487574307,1487660586,1487746864,1487833140,1487919416,1488005690,1488091964,1488178237,1488264509,1488350780
7f2aa8e72612f9130e06b32a0d2a58d7,sunsetTime,1485967827,1486054336,1486140845,1486227355,1486313864,1486400374,1486486884,1486573394,1486659904,1486746415,1486832925,1486919435,1487005944,1487092454,1487178964,1487265473,1487351982,1487438491,1487524999,1487611508,1487698016,1487784523,1487871031,1487957538,1488044045,1488130551,1488217057,1488303563,1488390068
7f2aa8e72612f9130e06b32a0d2a58d7,temperatureMax,50.23,51.27,49.76,47.22,42.64,45.38,49.34,39.78,35.85,35.23,36.05,41.51,46.99,50.33,51.25,51.51,53.54,53,52.64,61.34,54.89,54.86,51.07,47.29,49.4,52,48.05,45.72,47.3
7f2aa8e72612f9130e06b32a0d2a58d7,temperatureMaxTime,1485954000,1486051200,1486123200,1486220400,1486306800,1486389600,1486479600,1486515600,1486598400,1486695600,1486854000,1486936800,1486990800,1487084400,1487160000,1487257200,1487340000,1487430000,1487516400,1487599200,1487685600,1487764800,1487808000,1487944800,1488031200,1488110400,1488157200,1488322800,1488376800
7f2aa8e72612f9130e06b32a0d2a58d7,temperatureMin,46.85,48.25,40.85,38.16,38.24,33.12,38.77,36.22,34.73,33.5,32.75,34.19,38.49,37.32,45.04,43.41,42.96,41.19,39.18,49.15,50.15,50.67,41.56,37.41,41.56,48.25,37.98,34.34,41.58
7f2aa8e72612f9130e06b32a0d2a58d7,temperatureMinTime,1485907200,1486018800,1486162800,1486188000,1486281600,1486364400,1486504800,1486594800,1486630800,1486756800,1486800000,1486890000,1486969200,1487052000,1487199600,1487224800,1487372400,1487458800,1487469600,1487563200,1487660400,1487804400,1487890800,1487919600,1487980800,1488150000,1488236400,1488265200,1488351600
7f2aa8e72612f9130e06b32a0d2a58d7,time,1485907200,1485993600,1486080000,1486166400,1486252800,1486339200,1486425600,1486512000,1486598400,1486684800,1486771200,1486857600,1486944000,1487030400,1487116800,1487203200,1487289600,1487376000,1487462400,1487548800,1487635200,1487721600,1487808000,1487894400,1487980800,1488067200,1488153600,1488240000,1488326400
7f2aa8e72612f9130e06b32a0d2a58d7,visibility,3.99,6.51,6.89,7.19,5.73,4.89,5.37,4.62,3.77,2.38,2.5,2.26,3.27,5.55,5.1,6.87,6.45,4.62,5.71,6.34,6.81,6.55,7.04,7.88,7.21,6.03,6.77,7.4,7.19
7f2aa8e72612f9130e06b32a0d2a58d7,windBearing,178,176,181,185,22,171,254,15,43,20,10,59,78,111,186,237,240,204,247,255,251,246,257,281,218,221,215,245,242
7f2aa8e72612f9130e06b32a0d2a58d7,windSpeed,8.83,14.71,11.55,2.55,4.34,3.07,0.87,5.37,7.94,7.98,7.98,9.77,13.73,7.63,6.09,7.71,5.2,6.32,7.69,10.92,12.12,16.69,21.65,7.97,13.96,15.66,12.35,11.63,10.39
8b049b660e984912c48da213f2f7c650,apparentTemperatureMax,,,,,,,45.29,33.1,27.89,27.75,29.11,27.89,37.2,38.03,44.78,41.64,46.79,50.46,44.49,52.7,52.22,50.91,39.14,39.06,41.97,41.95,38.25,34.55,37.44
8b049b660e984912c48da213f2f7c650,apparentTemperatureMaxTime,,,,,,,1486479600,1486558800,1486645200,1486731600,1486818000,1486940400,1486994400,1487080800,1487170800,1487250000,1487343600,1487430000,1487545200,1487588400,1487707200,1487721600,1487833200,1487948400,1488034800,1488121200,1488200400,1488286800,1488384000
8b049b660e984912c48da213f2f7c650,apparentTemperatureMin,,,,,,,27.49,28.17,25.98,25.23,23.56,23.13,27.24,26.77,38.71,35.94,40.95,39.03,39.57,41.41,36.4,36.19,27.64,28.16,33.68,34.76,28.65,24.99,27.35
8b049b660e984912c48da213f2f7c650,apparentTemperatureMinTime,,,,,,,1486425600,1486594800,1486670400,1486767600,1486782000,1486882800,1486951200,1487037600,1487138400,1487221200,1487289600,1487404800,1487484000,1487628000,1487660400,1487743200,1487862000,1487912400,1487984400,1488150000,1488232800,1488261600,1488340800
8b049b660e984912c48da213f2f7c650,cloudCover,,,,,,,0.54,0.82,0.97,0.75,,,0.21,0.1,0.56,0.26,0.26,0,,0.61,0.63,0.51,0.71,0.27,,,0.64,0.36,0.42
8b049b660e984912c48da213f2f7c650,dewPoint,,,,,,,37.6,34.36,29.75,29.56,33.89,32.84,36.22,36.15,43.03,41.04,43.7,43.73,43.93,47.16,43.78,40.38,38.47,33.44,43.03,41.94,36.18,33.91,34.14
8b049b660e984912c48da213f2f7c650,humidity,,,,,,,0.92,0.92,0.86,0.85,0.94,0.91,0.9,0.89,0.93,0.86,0.92,0.89,0.89,0.9,0.87,0.82,0.9,0.78,0.89,0.86,0.9,0.9,0.86
8b049b660e984912c48da213f2f7c650,icon,,,,,,,partly-cloudy-day,partly-cloudy-day,cloudy,partly-cloudy-day,clear-day,fog,fog,partly-cloudy-night,partly-cloudy-day,partly-cloudy-day,partly-cloudy-day,clear-day,clear-day,partly-cloudy-day,wind,partly-cloudy-day,wind,partly-cloudy-day,clear-day,clear-day,partly-cloudy-day,partly-cloudy-day,partly-cloudy-day
8b049b660e984912c48da213f2f7c650,moonPhase,,,,,,,0.38,0.41,0.45,0.49,0.52,0.55,0.59,0.62,0.65,0.68,0.71,0.74,0.77,0.8,0.83,0.86,0.89,0.93,0.96,0.99,0.03,0.06,0.1
8b049b660e984912c48da213f2f7c650,precipType,,,,,,,rain,rain,snow,snow,rain,rain,rain,rain,rain,rain,rain,rain,rain,rain,rain,rain,rain,rain,rain,rain,rain,rain,rain
8b049b660e984912c48da213f2f7c650,pressure,,,,,,,1013.34,1028.01,1030.16,1027.94,1027.32,1028.71,1027.47,1024.61,1025.08,1024.54,1025.59,1021,1018.52,1014.29,1010.21,1002.55,991.15,1012.91,1004.95,997.89,985.49,984.5,994.68
8b049b660e984912c48da213f2f7c650,summary,,,,,,,Mostly cloudy until evening.,Mostly cloudy until evening.,Overcast until evening.,Mostly cloudy until evening.,Clear throughout the day.,Foggy overnight.,Foggy in the morning.,Partly cloudy in the evening.,Mostly cloudy until evening.,Partly cloudy until afternoon.,Mostly cloudy until afternoon.,Clear throughout the day.,Clear throughout the day.,Mostly cloudy until evening.,Mostly cloudy until evening and windy starting in the evening.,Mostly cloudy until evening.,Mostly cloudy until evening and windy in the afternoon.,Partly cloudy until evening.,Clear throughout the day.,Clear throughout the day.,Mostly cloudy until evening.,Mostly cloudy until evening.,Mostly cloudy until evening.
8b049b660e984912c48da213f2f7c650,sunriseTime,,,,,,,1486453462,1486539747,1486626031,1486712313,1486798593,1486884872,1486971149,1487057425,1487143700,1487229973,1487316245,1487402515,1487488785,1487575053,1487661320,1487747586,1487833851,1487920116,1488006379,1488092641,1488178902,1488265163,1488351422
8b049b660e984912c48da213f2f7c650,sunsetTime,,,,,,,1486486872,1486573394,1486659916,1486746437,1486832959,1486919481,1487006002,1487092523,1487179044,1487265565,1487352086,1487438607,1487525127,1487611647,1487698166,1487784686,1487871205,1487957723,1488044242,1488130760,1488217277,1488303794,1488390311
8b049b660e984912c48da213f2f7c650,temperatureMax,,,,,,,45.29,38.56,35.05,35.36,36.95,37.01,44.29,43.36,48.44,48.22,49.17,50.46,49.42,52.7,52.22,50.91,46.29,44.04,48.98,49.36,42.11,41.07,43.72
8b049b660e984912c48da213f2f7c650,temperatureMaxTime,,,,,,,1486479600,1486558800,1486645200,1486731600,1486818000,1486940400,1486994400,1487080800,1487170800,1487250000,1487343600,1487430000,1487545200,1487588400,1487707200,1487721600,1487833200,1487948400,1488034800,1488121200,1488200400,1488286800,1488384000
8b049b660e984912c48da213f2f7c650,temperatureMin,,,,,,,36.01,33.32,32.59,32.36,32.96,33.76,36.84,35.03,42.29,42.32,42.39,43.83,44.29,46.14,41.24,42,36.81,35.71,41.08,41.86,34.19,31.8,32.73
8b049b660e984912c48da213f2f7c650,temperatureMinTime,,,,,,,1486501200,1486594800,1486681200,1486702800,1486774800,1486890000,1486958400,1487059200,1487127600,1487221200,1487318400,1487404800,1487491200,1487620800,1487664000,1487804400,1487887200,1487919600,1487984400,1488150000,1488236400,1488265200,1488348000
8b049b660e984912c48da213f2f7c650,time,,,,,,,1486425600,1486512000,1486598400,1486684800,1486771200,1486857600,1486944000,1487030400,1487116800,1487203200,1487289600,1487376000,1487462400,1487548800,1487635200,1487721600,1487808000,1487894400,1487980800,1488067200,1488153600,1488240000,1488326400
8b049b660e984912c48da213f2f7c650,visibility,,,,,,,4.98,5.44,7.5,7.81,5.4,4.41,2.58,3.07,3.96,7.66,5.89,5.28,7.57,7.05,7.34,7.86,6.41,8.59,6.75,7.88,7.93,7.56,8.23
8b049b660e984912c48da213f2f7c650,windBearing,,,,,,,160,92,90,38,25,66,84,108,170,246,216,211,261,267,245,268,269,271,215,217,223,249,248
8b049b660e984912c48da213f2f7c650,windSpeed,,,,,,,5.35,5.22,6.82,7.35,11.42,16.47,15.03,9.79,5.92,12.44,3.84,9.55,10.81,14.15,13.08,16.38,10.66,8.31,16.62,14.73,6.4,6.23,7.58
f5e2c06c5530335d2c994d20ed071bcb,apparentTemperatureMax,,,,,,,,36.15,28.06,28.56,27.57,27.9,38.53,41.66,50.41,43.79,51.71,42.19,51.24,57.32,53.38,52.48,42.88,40.73,41.83,50.45,39.19,33.73,41.3
f5e2c06c5530335d2c994d20ed071bcb,apparentTemperatureMaxTime,,,,,,,,1486512000,1486645200,1486735200,1486850400,1486940400,1486994400,1487088000,1487163600,1487253600,1487340000,1487430000,1487516400,1487599200,1487689200,1487725200,1487826000,1487944800,1488031200,1488128400,1488189600,1488283200,1488380400
f5e2c06c5530335d2c994d20ed071bcb,apparentTemperatureMin,,,,,,,,29.75,25.19,24.24,24.26,24.66,27.04,25.14,40.36,34.6,39.61,34.75,39.79,44.1,41.78,43.38,31.13,29.24,34.46,39.24,28.28,25.44,28.8
f5e2c06c5530335d2c994d20ed071bcb,apparentTemperatureMinTime,,,,,,,,1486587600,1486666800,1486767600,1486774800,1486882800,1486962000,1487055600,1487199600,1487232000,1487304000,1487404800,1487466000,1487548800,1487664000,1487754000,1487851200,1487916000,1487991600,1488150000,1488232800,1488261600,1488348000
f5e2c06c5530335d2c994d20ed071bcb,cloudCover,,,,,,,,0.94,0.98,0.87,0.98,1,0.49,0.31,0.81,0.45,0.76,0.7,0.69,0.8,0.78,0.84,0.83,0.65,0.92,0.78,0.67,0.64,0.7
f5e2c06c5530335d2c994d20ed071bcb,dewPoint,,,,,,,,34.92,29.71,30.61,32.99,34.6,36.49,36.9,44.96,41.19,42.42,42.12,44.54,49.1,45.95,44.62,39.5,33.49,42.37,43.37,38.24,35.05,35.73
f5e2c06c5530335d2c994d20ed071bcb,humidity,,,,,,,,0.91,0.85,0.89,0.94,0.94,0.91,0.89,0.95,0.87,0.85,0.92,0.87,0.88,0.85,0.82,0.83,0.75,0.87,0.83,0.89,0.9,0.83
f5e2c06c5530335d2c994d20ed071bcb,icon,,,,,,,,cloudy,cloudy,partly-cloudy-day,fog,fog,fog,fog,fog,partly-cloudy-day,partly-cloudy-day,fog,partly-cloudy-day,partly-cloudy-day,wind,partly-cloudy-day,wind,partly-cloudy-day,partly-cloudy-day,partly-cloudy-day,partly-cloudy-day,partly-cloudy-day,partly-cloudy-day
f5e2c06c5530335d2c994d20ed071bcb,moonPhase,,,,,,,,0.41,0.45,0.49,0.52,0.55,0.59,0.62,0.65,0.68,0.71,0.74,0.77,0.8,0.83,0.86,0.89,0.93,0.96,0.99,0.03,0.06,0.1
f5e2c06c5530335d2c994d20ed071bcb,precipType,,,,,,,,rain,snow,snow,snow,rain,rain,rain,rain,rain,rain,rain,rain,rain,rain,rain,rain,rain,rain,rain,rain,rain,rain
f5e2c06c5530335d2c994d20ed071bcb,pressure,,,,,,,,1027.29,1029.35,1026.15,1024.92,1025.76,1025.38,1024.29,1026.11,1026.76,1026.54,1023.24,1019.93,1015.94,1012.67,1004.24,992.92,1014.14,1008.74,1001.23,987.09,985.66,995.93
f5e2c06c5530335d2c994d20ed071bcb,summary,,,,,,,,Overcast throughout the day.,Overcast throughout the day.,Mostly cloudy throughout the day.,Foggy in the morning.,Foggy starting in the afternoon.,Foggy in the morning.,Foggy in the morning.,Foggy in the morning.,Mostly cloudy throughout the day.,Mostly cloudy throughout the day.,Foggy in the morning.,Mostly cloudy throughout the day.,Mostly cloudy throughout the day.,Mostly cloudy throughout the day and breezy overnight.,Mostly cloudy throughout the day.,Mostly cloudy throughout the day and windy until evening.,Mostly cloudy throughout the day.,Mostly cloudy throughout the day.,Mostly cloudy throughout the day.,Mostly cloudy throughout the day.,Mostly cloudy throughout the day.,Mostly cloudy throughout the day.
f5e2c06c5530335d2c994d20ed071bcb,sunriseTime,,,,,,,,1486539398,1486625686,1486711973,1486798258,1486884542,1486970824,1487057104,1487143384,1487229662,1487315938,1487402214,1487488488,1487574761,1487661033,1487747304,1487833574,1487919843,1488006110,1488092377,1488178643,1488264908,1488351173
f5e2c06c5530335d2c994d20ed071bcb,sunsetTime,,,,,,,,1486573407,1486659924,1486746441,1486832958,1486919475,1487005991,1487092508,1487179024,1487265540,1487352056,1487438572,1487525087,1487611602,1487698117,1487784632,1487871146,1487957660,1488044174,1488130687,1488217200,1488303712,1488390225
f5e2c06c5530335d2c994d20ed071bcb,temperatureMax,,,,,,,,38.89,34.96,35.73,36.53,37.19,45.61,45.87,50.41,48.78,51.71,47.33,51.24,57.32,53.38,52.48,49.29,45.61,48.88,50.45,45.55,41.64,46.98
f5e2c06c5530335d2c994d20ed071bcb,temperatureMaxTime,,,,,,,,1486512000,1486645200,1486735200,1486850400,1486940400,1486994400,1487088000,1487163600,1487253600,1487340000,1487430000,1487516400,1487599200,1487689200,1487725200,1487826000,1487944800,1488031200,1488128400,1488189600,1488283200,1488380400
f5e2c06c5530335d2c994d20ed071bcb,temperatureMin,,,,,,,,34.96,32.31,32.37,32.18,35.23,35.99,33.1,44.12,40.91,43.92,40.62,45.13,49.19,45.54,45.66,38.47,36.17,41.82,45.21,34.89,33.25,34.95
f5e2c06c5530335d2c994d20ed071bcb,temperatureMinTime,,,,,,,,1486594800,1486681200,1486706400,1486792800,1486904400,1487026800,1487055600,1487145600,1487232000,1487304000,1487401200,1487487600,1487552400,1487664000,1487804400,1487890800,1487919600,1487984400,1488150000,1488232800,1488261600,1488348000
f5e2c06c5530335d2c994d20ed071bcb,time,,,,,,,,1486512000,1486598400,1486684800,1486771200,1486857600,1486944000,1487030400,1487116800,1487203200,1487289600,1487376000,1487462400,1487548800,1487635200,1487721600,1487808000,1487894400,1487980800,1488067200,1488153600,1488240000,1488326400
f5e2c06c5530335d2c994d20ed071bcb,visibility,,,,,,,,5.48,8.15,5.34,3.51,3.39,2.32,3.58,3.62,8.56,8.74,4.6,7.91,8.45,8.74,8.12,7.89,9.27,8.65,8.99,8.54,7.69,8.44
f5e2c06c5530335d2c994d20ed071bcb,windBearing,,,,,,,,59,79,32,22,64,74,100,189,240,233,215,249,262,247,267,261,272,217,221,214,244,247
f5e2c06c5530335d2c994d20ed071bcb,windSpeed,,,,,,,,5.62,6.86,8.23,9.29,16.24,16.51,8.93,5.62,10.93,5.72,9.26,9.4,13.75,11.85,14.18,17.67,7.85,17.58,16.28,9.14,9.47,8.9
afbddd7f957a1c822293616e95a2d84c,apparentTemperatureMax,,,,,,,,,,,,,,,,,,,,,,,42.39,43.97,41.88,44.34,41.12,36.61,40.85
afbddd7f957a1c822293616e95a2d84c,apparentTemperatureMaxTime,,,,,,,,,,,,,,,,,,,,,,,1487833200,1487948400,1488063600,1488106800,1488153600,1488315600,1488369600
afbddd7f957a1c822293616e95a2d84c,apparentTemperatureMin,,,,,,,,,,,,,,,,,,,,,,,33.42,30.44,38.33,38.72,30.45,27.9,34.27
afbddd7f957a1c822293616e95a2d84c,apparentTemperatureMinTime,,,,,,,,,,,,,,,,,,,,,,,1487883600,1487908800,1487980800,1488135600,1488229200,1488250800,1488409200
afbddd7f957a1c822293616e95a2d84c,cloudCover,,,,,,,,,,,,,,,,,,,,,,,0.66,0.32,1,0.88,0.77,0.58,0.74
afbddd7f957a1c822293616e95a2d84c,dewPoint,,,,,,,,,,,,,,,,,,,,,,,38.42,31.22,42.75,46.15,39.4,33.92,38.25
afbddd7f957a1c822293616e95a2d84c,humidity,,,,,,,,,,,,,,,,,,,,,,,0.73,0.67,0.87,0.93,0.87,0.79,0.82
afbddd7f957a1c822293616e95a2d84c,icon,,,,,,,,,,,,,,,,,,,,,,,wind,partly-cloudy-day,cloudy,wind,partly-cloudy-day,wind,wind
afbddd7f957a1c822293616e95a2d84c,moonPhase,,,,,,,,,,,,,,,,,,,,,,,0.89,0.93,0.96,0.99,0.03,0.06,0.1
afbddd7f957a1c822293616e95a2d84c,precipType,,,,,,,,,,,,,,,,,,,,,,,rain,rain,rain,rain,rain,rain,rain
afbddd7f957a1c822293616e95a2d84c,pressure,,,,,,,,,,,,,,,,,,,,,,,1000.95,1016.87,1014.04,1006.47,990.37,989.78,999.23
afbddd7f957a1c822293616e95a2d84c,summary,,,,,,,,,,,,,,,,,,,,,,,Windy and mostly cloudy until evening.,Partly cloudy until evening.,Overcast until evening.,Mostly cloudy throughout the day and breezy in the evening.,Mostly cloudy throughout the day.,Partly cloudy throughout the day and breezy starting in the evening.,Mostly cloudy throughout the day and breezy starting in the evening.
afbddd7f957a1c822293616e95a2d84c,sunriseTime,,,,,,,,,,,,,,,,,,,,,,,1487833432,1487919709,1488005986,1488092262,1488178537,1488264811,1488351084
afbddd7f957a1c822293616e95a2d84c,sunsetTime,,,,,,,,,,,,,,,,,,,,,,,1487871423,1487957928,1488044432,1488130937,1488217441,1488303944,1488390448
afbddd7f957a1c822293616e95a2d84c,temperatureMax,,,,,,,,,,,,,,,,,,,,,,,49.97,47.98,48.29,49.95,46.68,45.04,45.13
afbddd7f957a1c822293616e95a2d84c,temperatureMaxTime,,,,,,,,,,,,,,,,,,,,,,,1487833200,1487948400,1488063600,1488106800,1488153600,1488315600,1488369600
afbddd7f957a1c822293616e95a2d84c,temperatureMin,,,,,,,,,,,,,,,,,,,,,,,41.09,36.11,42.17,46.23,36.36,30.6,39.31
afbddd7f957a1c822293616e95a2d84c,temperatureMinTime,,,,,,,,,,,,,,,,,,,,,,,1487887200,1487919600,1487980800,1488146400,1488232800,1488265200,1488351600
afbddd7f957a1c822293616e95a2d84c,time,,,,,,,,,,,,,,,,,,,,,,,1487808000,1487894400,1487980800,1488067200,1488153600,1488240000,1488326400
afbddd7f957a1c822293616e95a2d84c,visibility,,,,,,,,,,,,,,,,,,,,,,,6.85,8.13,6.91,5.82,6.83,7.71,6.75
afbddd7f957a1c822293616e95a2d84c,windBearing,,,,,,,,,,,,,,,,,,,,,,,261,287,218,224,221,259,248
afbddd7f957a1c822293616e95a2d84c,windSpeed,,,,,,,,,,,,,,,,,,,,,,,21.64,6.78,14.75,15.33,12.3,11.87,8.6
11aeddbd12e79cae8dddb694e200f00d,apparentTemperatureMax,,,,,,,,,,,,,,,,,51.87,52.44,50.82,53.83,51.09,51.39,50.76,44.62,45.29,51.5,41.96,37.5,42.54
11aeddbd12e79cae8dddb694e200f00d,apparentTemperatureMaxTime,,,,,,,,,,,,,,,,,1487340000,1487433600,1487516400,1487595600,1487678400,1487768400,1487811600,1487944800,1488024000,1488117600,1488153600,1488312000,1488369600
11aeddbd12e79cae8dddb694e200f00d,apparentTemperatureMin,,,,,,,,,,,,,,,,,40.04,38.37,39.64,41.2,41.39,41.79,32.89,31.82,38.7,39.57,28.82,26.86,33.54
11aeddbd12e79cae8dddb694e200f00d,apparentTemperatureMinTime,,,,,,,,,,,,,,,,,1487372400,1487390400,1487491200,1487631600,1487635200,1487728800,1487890800,1487905200,1487980800,1488135600,1488236400,1488261600,1488402000
11aeddbd12e79cae8dddb694e200f00d,cloudCover,,,,,,,,,,,,,,,,,0.49,0.64,0.84,0.88,0.86,0.88,0.62,0.19,0.95,0.82,0.55,0.49,0.6
11aeddbd12e79cae8dddb694e200f00d,dewPoint,,,,,,,,,,,,,,,,,43.21,43,45.72,48.83,48.75,49.16,40.03,34.89,43.61,45.11,38.93,36.72,39.34
11aeddbd12e79cae8dddb694e200f00d,humidity,,,,,,,,,,,,,,,,,0.87,0.91,0.92,0.97,0.98,0.97,0.78,0.75,0.87,0.89,0.88,0.88,0.85
11aeddbd12e79cae8dddb694e200f00d,icon,,,,,,,,,,,,,,,,,partly-cloudy-day,fog,partly-cloudy-day,fog,wind,partly-cloudy-day,wind,partly-cloudy-day,cloudy,partly-cloudy-day,partly-cloudy-day,partly-cloudy-day,wind
11aeddbd12e79cae8dddb694e200f00d,moonPhase,,,,,,,,,,,,,,,,,0.71,0.74,0.77,0.8,0.83,0.86,0.89,0.93,0.96,0.99,0.03,0.06,0.1
11aeddbd12e79cae8dddb694e200f00d,precipIntensity,,,,,,,,,,,,,,,,,0,0,0,0,0.2233,0,0.1825,0,0.3563,0.1283,0.0371,0.7963,1.1238
11aeddbd12e79cae8dddb694e200f00d,precipIntensityMax,,,,,,,,,,,,,,,,,0,0,0,0,5.36,0,4.38,,8.55,3.08,0.89,10.22,10.22
11aeddbd12e79cae8dddb694e200f00d,precipIntensityMaxTime,,,,,,,,,,,,,,,,,,,,,1487692800,,1487840400,,1488045600,1488106800,1488193200,1488301200,1488409200
11aeddbd12e79cae8dddb694e200f00d,precipProbability,,,,,,,,,,,,,,,,,0,0,0,0,0.98,0,0.97,0,0.98,0.97,0.93,0.98,0.98
11aeddbd12e79cae8dddb694e200f00d,precipType,,,,,,,,,,,,,,,,,,,,,rain,,rain,,rain,rain,rain,rain,rain
11aeddbd12e79cae8dddb694e200f00d,pressure,,,,,,,,,,,,,,,,,1027.57,1024.35,1022.6,1020.22,1016.79,1009.2,1000.14,1016.81,1011.96,1004.46,988.65,989.15,998.45
11aeddbd12e79cae8dddb694e200f00d,summary,,,,,,,,,,,,,,,,,Mostly cloudy until evening.,Foggy in the morning.,Mostly cloudy throughout the day.,Foggy in the morning.,Mostly cloudy throughout the day and breezy overnight.,Mostly cloudy throughout the day.,Mostly cloudy until evening and windy until afternoon.,Partly cloudy in the afternoon.,Overcast throughout the day.,Mostly cloudy throughout the day.,Mostly cloudy throughout the day.,Mostly cloudy throughout the day.,Mostly cloudy until evening and breezy overnight.
11aeddbd12e79cae8dddb694e200f00d,sunriseTime,,,,,,,,,,,,,,,,,1487316105,1487402387,1487488668,1487574947,1487661225,1487747502,1487833778,1487920054,1488006328,1488092601,1488178873,1488265145,1488351415
11aeddbd12e79cae8dddb694e200f00d,sunsetTime,,,,,,,,,,,,,,,,,1487352594,1487439104,1487525613,1487612121,1487698630,1487785138,1487871646,1487958154,1488044661,1488131168,1488217675,1488304181,1488390687
11aeddbd12e79cae8dddb694e200f00d,temperatureMax,,,,,,,,,,,,,,,,,51.87,52.44,50.82,53.83,51.09,51.39,50.76,47.75,49.82,51.5,45.86,45.74,46.78
11aeddbd12e79cae8dddb694e200f00d,temperatureMaxTime,,,,,,,,,,,,,,,,,1487340000,1487433600,1487516400,1487595600,1487678400,1487768400,1487811600,1487944800,1488024000,1488117600,1488153600,1488312000,1488369600
11aeddbd12e79cae8dddb694e200f00d,temperatureMin,,,,,,,,,,,,,,,,,43.77,42.67,44.36,48.1,48.15,49.07,38.96,38.45,43.63,45.92,36.06,33.04,40.12
11aeddbd12e79cae8dddb694e200f00d,temperatureMinTime,,,,,,,,,,,,,,,,,1487361600,1487390400,1487462400,1487548800,1487646000,1487743200,1487890800,1487916000,1487980800,1488150000,1488232800,1488265200,1488351600
11aeddbd12e79cae8dddb694e200f00d,time,,,,,,,,,,,,,,,,,1487289600,1487376000,1487462400,1487548800,1487635200,1487721600,1487808000,1487894400,1487980800,1488067200,1488153600,1488240000,1488326400
11aeddbd12e79cae8dddb694e200f00d,visibility,,,,,,,,,,,,,,,,,7.92,4.17,6.51,3.74,4.91,2.95,8.35,9.56,7.68,8.07,8.33,8.39,8.33
11aeddbd12e79cae8dddb694e200f00d,windBearing,,,,,,,,,,,,,,,,,213,183,249,251,250,249,258,258,217,226,220,254,247
11aeddbd12e79cae8dddb694e200f00d,windSpeed,,,,,,,,,,,,,,,,,5.07,5.12,10.78,12.96,18.52,21.5,19.12,8.1,12.8,13.85,10.19,14.17,10.56
5f1ce9b7c8cd32c08d98310540fb6604,apparentTemperatureMax,,,,,,,,,,,,,41.33,50.55,51.53,51.66,53.54,52.87,52.63,61.47,54.95,55.25,51.14,43.59,44.02,52.37,42.51,38.13,42.93
5f1ce9b7c8cd32c08d98310540fb6604,apparentTemperatureMaxTime,,,,,,,,,,,,,1486990800,1487084400,1487163600,1487257200,1487340000,1487433600,1487516400,1487599200,1487685600,1487764800,1487808000,1487948400,1488031200,1488110400,1488157200,1488322800,1488376800
5f1ce9b7c8cd32c08d98310540fb6604,apparentTemperatureMin,,,,,,,,,,,,,30.68,30.51,40.59,39.42,39.3,37.49,34.91,45.3,50.02,50.89,34.18,30.39,36.68,42.23,30.94,28.03,34.87
5f1ce9b7c8cd32c08d98310540fb6604,apparentTemperatureMinTime,,,,,,,,,,,,,1486969200,1487044800,1487199600,1487224800,1487372400,1487458800,1487473200,1487563200,1487660400,1487804400,1487890800,1487919600,1487980800,1488150000,1488236400,1488265200,1488409200
5f1ce9b7c8cd32c08d98310540fb6604,cloudCover,,,,,,,,,,,,,0.05,0.31,0.49,0.36,0.28,0.42,0.54,0.62,0.78,0.92,0.59,0.21,0.68,0.81,0.48,0.48,0.62
5f1ce9b7c8cd32c08d98310540fb6604,dewPoint,,,,,,,,,,,,,37.04,38.47,45.47,42.48,42.87,41.43,42.6,49.73,48.68,48.39,39.91,31.98,42.01,45.91,40.82,34.93,38.79
5f1ce9b7c8cd32c08d98310540fb6604,humidity,,,,,,,,,,,,,0.84,0.82,0.92,0.85,0.84,0.87,0.87,0.86,0.87,0.85,0.73,0.69,0.84,0.86,0.88,0.82,0.81
5f1ce9b7c8cd32c08d98310540fb6604,icon,,,,,,,,,,,,,clear-day,partly-cloudy-day,partly-cloudy-day,partly-cloudy-day,partly-cloudy-day,cloudy,partly-cloudy-day,partly-cloudy-day,wind,partly-cloudy-day,wind,partly-cloudy-day,cloudy,partly-cloudy-day,partly-cloudy-day,partly-cloudy-day,wind
5f1ce9b7c8cd32c08d98310540fb6604,moonPhase,,,,,,,,,,,,,0.59,0.62,0.65,0.68,0.71,0.74,0.77,0.8,0.83,0.86,0.89,0.93,0.96,0.99,0.03,0.06,0.1
5f1ce9b7c8cd32c08d98310540fb6604,precipType,,,,,,,,,,,,,rain,rain,rain,rain,rain,rain,rain,rain,rain,rain,rain,rain,rain,rain,rain,rain,rain
5f1ce9b7c8cd32c08d98310540fb6604,pressure,,,,,,,,,,,,,1021.95,1023.32,1027.76,1029.43,1027.75,1025.15,1022.36,1018.61,1015.87,1008.19,998.1,1015.86,1013.57,1005.84,990.24,988.52,998.21
5f1ce9b7c8cd32c08d98310540fb6604,summary,,,,,,,,,,,,,Clear throughout the day.,Mostly cloudy until evening.,Mostly cloudy until evening.,Partly cloudy until evening.,Partly cloudy until afternoon.,Overcast until afternoon.,Mostly cloudy until evening.,Mostly cloudy until evening.,Mostly cloudy until evening and breezy overnight.,Mostly cloudy until evening.,Windy and mostly cloudy until evening.,Partly cloudy until afternoon.,Overcast until evening.,Mostly cloudy until evening.,Mostly cloudy throughout the day.,Mostly cloudy until evening.,Mostly cloudy throughout the day and breezy overnight.
5f1ce9b7c8cd32c08d98310540fb6604,sunriseTime,,,,,,,,,,,,,1486970387,1487056674,1487142959,1487229243,1487315526,1487401808,1487488088,1487574367,1487660645,1487746922,1487833198,1487919472,1488005746,1488092019,1488178291,1488264562,1488350833
5f1ce9b7c8cd32c08d98310540fb6604,sunsetTime,,,,,,,,,,,,,1487005956,1487092466,1487178976,1487265487,1487351996,1487438506,1487525015,1487611525,1487698033,1487784542,1487871050,1487957558,1488044066,1488130573,1488217080,1488303586,1488390093
5f1ce9b7c8cd32c08d98310540fb6604,temperatureMax,,,,,,,,,,,,,47.72,50.55,51.53,51.66,53.54,52.87,52.63,61.47,54.95,55.25,51.14,47.35,49.74,52.37,47.68,45.5,47.47
5f1ce9b7c8cd32c08d98310540fb6604,temperatureMaxTime,,,,,,,,,,,,,1486990800,1487084400,1487163600,1487257200,1487340000,1487433600,1487516400,1487599200,1487685600,1487764800,1487808000,1487948400,1488031200,1488110400,1488157200,1488322800,1488376800
5f1ce9b7c8cd32c08d98310540fb6604,temperatureMin,,,,,,,,,,,,,38.6,37.23,45.07,43.03,42.81,41.04,39.15,49.17,50.02,50.89,41.29,37.27,41.57,47.99,37.76,34.58,41.17
5f1ce9b7c8cd32c08d98310540fb6604,temperatureMinTime,,,,,,,,,,,,,1486969200,1487055600,1487199600,1487224800,1487372400,1487458800,1487469600,1487563200,1487660400,1487804400,1487890800,1487919600,1487980800,1488150000,1488236400,1488265200,1488348000
5f1ce9b7c8cd32c08d98310540fb6604,time,,,,,,,,,,,,,1486944000,1487030400,1487116800,1487203200,1487289600,1487376000,1487462400,1487548800,1487635200,1487721600,1487808000,1487894400,1487980800,1488067200,1488153600,1488240000,1488326400
5f1ce9b7c8cd32c08d98310540fb6604,visibility,,,,,,,,,,,,,3.32,5.53,5.1,7.01,6.84,4.67,5.72,6.46,6.88,7.07,7.29,7.92,7.24,6.59,7.18,7.55,7.38
5f1ce9b7c8cd32c08d98310540fb6604,windBearing,,,,,,,,,,,,,82,110,184,240,242,207,247,257,252,248,258,282,219,223,215,247,244
5f1ce9b7c8cd32c08d98310540fb6604,windSpeed,,,,,,,,,,,,,14.26,7.82,5.91,7.91,4.99,6.32,7.58,11.19,12.33,16.92,21.47,7.89,13.82,15.36,11.65,11.51,10.07
5180af03094779de849ca816c9f5b753,apparentTemperatureMax,,,,,,,,,,,,,,,,,,,52.78,61.36,54.97,55.02,50.99,43.25,44.09,52.28,42.34,38.06,43
5180af03094779de849ca816c9f5b753,apparentTemperatureMaxTime,,,,,,,,,,,,,,,,,,,1487516400,1487599200,1487685600,1487764800,1487833200,1487944800,1488031200,1488110400,1488157200,1488322800,1488376800
5180af03094779de849ca816c9f5b753,apparentTemperatureMin,,,,,,,,,,,,,,,,,,,34.34,45.6,45.92,50.81,34.38,30.25,36.59,42.01,31.03,27.85,34.55
5180af03094779de849ca816c9f5b753,apparentTemperatureMinTime,,,,,,,,,,,,,,,,,,,1487473200,1487563200,1487660400,1487804400,1487890800,1487919600,1487980800,1488150000,1488236400,1488265200,1488409200
5180af03094779de849ca816c9f5b753,cloudCover,,,,,,,,,,,,,,,,,,,0.65,0.78,0.87,0.95,0.7,0.24,0.68,0.86,0.58,0.56,0.69
5180af03094779de849ca816c9f5b753,dewPoint,,,,,,,,,,,,,,,,,,,42.63,49.72,48.72,48.45,39.77,31.76,42.15,45.94,40.7,34.88,38.83
5180af03094779de849ca816c9f5b753,humidity,,,,,,,,,,,,,,,,,,,0.87,0.87,0.87,0.85,0.73,0.68,0.84,0.87,0.88,0.82,0.81
5180af03094779de849ca816c9f5b753,icon,,,,,,,,,,,,,,,,,,,partly-cloudy-day,partly-cloudy-day,wind,wind,wind,partly-cloudy-day,cloudy,partly-cloudy-day,partly-cloudy-day,partly-cloudy-night,wind
5180af03094779de849ca816c9f5b753,moonPhase,,,,,,,,,,,,,,,,,,,0.77,0.8,0.83,0.86,0.89,0.93,0.96,0.99,0.03,0.06,0.1
5180af03094779de849ca816c9f5b753,precipType,,,,,,,,,,,,,,,,,,,rain,rain,rain,rain,rain,rain,rain,rain,rain,rain,rain
5180af03094779de849ca816c9f5b753,pressure,,,,,,,,,,,,,,,,,,,1022.49,1018.84,1016.07,1008.47,998.47,1016.02,1013.64,1005.92,990.26,988.68,998.35
5180af03094779de849ca816c9f5b753,summary,,,,,,,,,,,,,,,,,,,Mostly cloudy throughout the day.,Mostly cloudy throughout the day.,Overcast throughout the day and breezy overnight.,Breezy in the morning and mostly cloudy throughout the day.,Windy and mostly cloudy until evening.,Partly cloudy until evening.,Overcast until evening.,Mostly cloudy throughout the day.,Mostly cloudy throughout the day.,Mostly cloudy throughout the day.,Mostly cloudy throughout the day and breezy overnight.
5180af03094779de849ca816c9f5b753,sunriseTime,,,,,,,,,,,,,,,,,,,1487488105,1487574384,1487660662,1487746940,1487833216,1487919491,1488005766,1488092039,1488178311,1488264583,1488350854
5180af03094779de849ca816c9f5b753,sunsetTime,,,,,,,,,,,,,,,,,,,1487525056,1487611565,1487698073,1487784581,1487871089,1487957596,1488044104,1488130610,1488217117,1488303623,1488390129
5180af03094779de849ca816c9f5b753,temperatureMax,,,,,,,,,,,,,,,,,,,52.78,61.36,54.97,55.02,50.99,47.5,49.75,52.28,47.57,45.4,47.36
5180af03094779de849ca816c9f5b753,temperatureMaxTime,,,,,,,,,,,,,,,,,,,1487516400,1487599200,1487685600,1487764800,1487833200,1487944800,1488031200,1488110400,1488157200,1488322800,1488376800
5180af03094779de849ca816c9f5b753,temperatureMin,,,,,,,,,,,,,,,,,,,38.61,49.18,49.95,50.81,41.33,36.82,41.41,47.81,37.63,34.07,41.5
5180af03094779de849ca816c9f5b753,temperatureMinTime,,,,,,,,,,,,,,,,,,,1487469600,1487563200,1487660400,1487804400,1487890800,1487919600,1487980800,1488150000,1488236400,1488265200,1488351600
5180af03094779de849ca816c9f5b753,time,,,,,,,,,,,,,,,,,,,1487462400,1487548800,1487635200,1487721600,1487808000,1487894400,1487980800,1488067200,1488153600,1488240000,1488326400
5180af03094779de849ca816c9f5b753,visibility,,,,,,,,,,,,,,,,,,,5.83,6.63,7.08,7.19,7.55,8.24,7.47,6.73,7.4,7.84,7.64
5180af03094779de849ca816c9f5b753,windBearing,,,,,,,,,,,,,,,,,,,246,257,253,248,259,282,218,223,214,248,243
5180af03094779de849ca816c9f5b753,windSpeed,,,,,,,,,,,,,,,,,,,7.25,10.8,12.32,16.69,20.87,7.54,13.56,15.01,11.37,11.28,9.96
c60d40fa98e6235ba0d1485c4253bfe6,apparentTemperatureMax,50.46,51.1,44.42,44.77,34.89,39.93,45.7,36.71,28.1,27.62,27.95,33.08,41.75,50.06,51.64,51.16,52.93,51.39,51.83,59.87,54.15,54.53,50.71,42.76,43.52,51.72,41.53,36.7,42.75
c60d40fa98e6235ba0d1485c4253bfe6,apparentTemperatureMaxTime,1485961200,1486047600,1486126800,1486220400,1486306800,1486389600,1486476000,1486515600,1486648800,1486742400,1486850400,1486940400,1486994400,1487080800,1487163600,1487257200,1487343600,1487433600,1487516400,1487599200,1487682000,1487761200,1487808000,1487948400,1488027600,1488110400,1488157200,1488322800,1488376800
c60d40fa98e6235ba0d1485c4253bfe6,apparentTemperatureMin,42.53,42.8,31.72,32.39,32.69,31.39,32.85,30.18,26.16,25.62,24.46,25.69,29.96,29.54,40.73,38.65,38.8,36.58,34.77,44.67,45.07,50.53,32.84,29.4,35.32,41.55,30.75,27.31,33.79
c60d40fa98e6235ba0d1485c4253bfe6,apparentTemperatureMinTime,1485907200,1486018800,1486159200,1486166400,1486278000,1486350000,1486425600,1486594800,1486670400,1486764000,1486800000,1486882800,1486969200,1487044800,1487199600,1487228400,1487372400,1487383200,1487466000,1487559600,1487660400,1487804400,1487890800,1487919600,1487980800,1488150000,1488236400,1488265200,1488409200
c60d40fa98e6235ba0d1485c4253bfe6,cloudCover,0.95,0.8,0.65,0.23,0.49,0.31,0.52,0.89,1,0.89,1,0.99,0.07,0.41,0.63,0.43,0.41,0.54,0.59,0.66,0.87,0.93,0.68,0.21,0.68,0.79,0.5,0.54,0.66
c60d40fa98e6235ba0d1485c4253bfe6,dewPoint,48.09,47.03,41.89,36.8,37.55,35.86,39.52,35.25,31.23,32.14,32.21,34.7,36.87,38.45,45.6,42.6,42.96,41.39,43.01,49.8,48.64,48.33,40.09,32.18,41.97,45.61,40.4,35.07,38.56
c60d40fa98e6235ba0d1485c4253bfe6,humidity,0.96,0.9,0.86,0.89,0.95,0.9,0.89,0.9,0.89,0.94,0.94,0.94,0.85,0.83,0.94,0.87,0.86,0.89,0.89,0.88,0.9,0.86,0.76,0.71,0.86,0.87,0.89,0.85,0.83
c60d40fa98e6235ba0d1485c4253bfe6,icon,fog,partly-cloudy-day,partly-cloudy-day,partly-cloudy-day,partly-cloudy-day,partly-cloudy-night,fog,partly-cloudy-day,fog,fog,fog,fog,fog,partly-cloudy-night,fog,partly-cloudy-day,partly-cloudy-day,fog,partly-cloudy-day,partly-cloudy-day,wind,partly-cloudy-day,wind,partly-cloudy-day,cloudy,partly-cloudy-day,partly-cloudy-day,partly-cloudy-night,wind
c60d40fa98e6235ba0d1485c4253bfe6,moonPhase,0.15,0.19,0.23,0.27,0.3,0.34,0.38,0.41,0.45,0.49,0.52,0.55,0.59,0.62,0.65,0.68,0.71,0.74,0.77,0.8,0.83,0.86,0.89,0.93,0.96,0.99,0.03,0.06,0.1
c60d40fa98e6235ba0d1485c4253bfe6,precipType,rain,rain,rain,rain,rain,rain,rain,rain,rain,snow,snow,rain,rain,rain,rain,rain,rain,rain,rain,rain,rain,rain,rain,rain,rain,rain,rain,rain,rain
c60d40fa98e6235ba0d1485c4253bfe6,pressure,1006.49,996.95,994.66,997.22,1003.64,1017.2,1014.23,1026.15,1027.84,1024.05,1022.61,1022.64,1022.11,1023.32,1027.61,1029.27,1027.68,1025.05,1022.22,1018.47,1015.67,1007.87,997.73,1015.78,1013.2,1005.48,989.96,988.31,998.05
c60d40fa98e6235ba0d1485c4253bfe6,summary,Foggy in the morning.,Mostly cloudy throughout the day.,Mostly cloudy throughout the day.,Partly cloudy until afternoon.,Mostly cloudy throughout the day.,Mostly cloudy starting in the afternoon.,Foggy in the morning.,Mostly cloudy throughout the day.,Foggy overnight.,Foggy until afternoon.,Foggy until afternoon.,Foggy starting in the evening.,Foggy in the morning.,Mostly cloudy throughout the day.,Foggy in the morning.,Mostly cloudy until evening.,Mostly cloudy until afternoon.,Foggy in the morning.,Mostly cloudy until evening.,Mostly cloudy throughout the day.,Mostly cloudy throughout the day and breezy overnight.,Mostly cloudy throughout the day.,Windy and mostly cloudy until evening.,Partly cloudy until afternoon.,Overcast until evening.,Mostly cloudy until evening.,Mostly cloudy throughout the day.,Mostly cloudy in the morning.,Mostly cloudy throughout the day and breezy overnight.
c60d40fa98e6235ba0d1485c4253bfe6,sunriseTime,1485934901,1486021207,1486107511,1486193814,1486280114,1486366413,1486452710,1486539005,1486625299,1486711591,1486797881,1486884170,1486970458,1487056744,1487143028,1487229312,1487315594,1487401875,1487488154,1487574433,1487660710,1487746986,1487833261,1487919535,1488005808,1488092081,1488178352,1488264622,1488350892
c60d40fa98e6235ba0d1485c4253bfe6,sunsetTime,1485967844,1486054355,1486140865,1486227376,1486313888,1486400399,1486486911,1486573422,1486659934,1486746445,1486832957,1486919468,1487005980,1487092491,1487179002,1487265513,1487352023,1487438534,1487525044,1487611554,1487698063,1487784572,1487871081,1487957590,1488044098,1488130606,1488217114,1488303621,1488390128
c60d40fa98e6235ba0d1485c4253bfe6,temperatureMax,50.46,51.1,49.72,47.23,40.84,44.36,48.87,39.48,35.11,34.48,35.39,40.66,48.04,50.06,51.64,51.16,52.93,51.39,51.83,59.87,54.15,54.53,50.71,46.83,49.36,51.72,46.73,44.46,47.22
c60d40fa98e6235ba0d1485c4253bfe6,temperatureMaxTime,1485961200,1486047600,1486126800,1486220400,1486306800,1486389600,1486476000,1486515600,1486648800,1486742400,1486850400,1486940400,1486994400,1487080800,1487163600,1487257200,1487343600,1487433600,1487516400,1487599200,1487682000,1487761200,1487808000,1487948400,1488027600,1488110400,1488157200,1488322800,1488376800
c60d40fa98e6235ba0d1485c4253bfe6,temperatureMin,46.65,48.01,39.57,35.52,37.03,32.72,38.09,35.42,33.52,32.72,31.97,33.69,37.99,36.75,45.27,42.42,42.33,40.43,39.09,48.72,49.27,50.53,40.19,36.7,40.63,47.21,37.36,34.02,39.76
c60d40fa98e6235ba0d1485c4253bfe6,temperatureMinTime,1485907200,1486018800,1486162800,1486188000,1486278000,1486364400,1486504800,1486594800,1486681200,1486749600,1486800000,1486882800,1486969200,1487055600,1487199600,1487224800,1487372400,1487458800,1487469600,1487563200,1487656800,1487804400,1487890800,1487919600,1487980800,1488150000,1488236400,1488265200,1488348000
c60d40fa98e6235ba0d1485c4253bfe6,time,1485907200,1485993600,1486080000,1486166400,1486252800,1486339200,1486425600,1486512000,1486598400,1486684800,1486771200,1486857600,1486944000,1487030400,1487116800,1487203200,1487289600,1487376000,1487462400,1487548800,1487635200,1487721600,1487808000,1487894400,1487980800,1488067200,1488153600,1488240000,1488326400
c60d40fa98e6235ba0d1485c4253bfe6,visibility,4.39,6.73,7.2,7.47,5.31,4.85,5.12,4.7,4.96,2.49,2.71,2.2,3.2,5.38,4.9,7.01,6.98,4.4,5.87,6.46,6.95,7.28,7.45,8.05,7.39,6.97,7.61,7.73,7.55
c60d40fa98e6235ba0d1485c4253bfe6,windBearing,173,173,175,188,25,163,213,22,50,23,12,60,83,113,183,239,242,206,245,257,249,248,258,281,217,222,212,246,244
c60d40fa98e6235ba0d1485c4253bfe6,windSpeed,8.52,14.22,11.07,3.3,3.99,3.81,0.72,5.37,7.82,8.03,8.41,10.56,14.03,8.23,6.43,8.16,4.97,6.7,7.67,11.47,12.4,16.82,21,8.21,13.91,15.06,11.4,11.38,9.53
9be000ae23275d57e1273d211a54ffd7,apparentTemperatureMax,,,42.61,39.3,41.9,32.59,44.97,32.49,27.99,28.36,27.98,28.16,36.29,37.61,45.22,41.43,47.42,50.84,44.11,53.51,52.63,51.62,39.92,39.44,42.17,42.79,39.39,34.53,37.14
9be000ae23275d57e1273d211a54ffd7,apparentTemperatureMaxTime,,,1486080000,1486216800,1486303200,1486396800,1486479600,1486558800,1486645200,1486735200,1486843200,1486940400,1486994400,1487080800,1487170800,1487250000,1487343600,1487430000,1487545200,1487588400,1487707200,1487721600,1487833200,1487948400,1488034800,1488121200,1488200400,1488286800,1488380400
9be000ae23275d57e1273d211a54ffd7,apparentTemperatureMin,,,34.04,27.14,27.63,25.57,27.63,28.91,25.82,25.13,24.11,22.95,27.58,26.96,38.69,35.94,40.46,38.78,39.18,41.52,36.62,36.12,27.71,28.45,33.83,35.63,28.05,24.35,27.13
9be000ae23275d57e1273d211a54ffd7,apparentTemperatureMinTime,,,1486108800,1486245600,1486252800,1486368000,1486429200,1486594800,1486670400,1486760400,1486782000,1486882800,1486947600,1487037600,1487134800,1487232000,1487314800,1487404800,1487484000,1487628000,1487656800,1487750400,1487869200,1487912400,1487984400,1488150000,1488236400,1488261600,1488340800
9be000ae23275d57e1273d211a54ffd7,cloudCover,,,0.3,0,0,0.18,0.49,0.82,0.96,0.75,,,0.25,0.09,0.59,0.22,0.2,0,0,0.61,0.44,0.47,0.71,0.27,,,0.58,0.34,0.4
9be000ae23275d57e1273d211a54ffd7,dewPoint,,,39.93,34.23,34.35,32.79,37.9,34.49,29.94,30.09,34.25,33.37,36.37,36.32,43.37,41.06,43.72,43.68,44.02,47.58,43.84,40.42,38.73,33.51,42.93,42.36,36.73,33.92,34.28
9be000ae23275d57e1273d211a54ffd7,humidity,,,0.82,0.87,0.92,0.94,0.94,0.93,0.86,0.87,0.95,0.93,0.91,0.9,0.94,0.86,0.92,0.89,0.88,0.9,0.86,0.8,0.9,0.78,0.89,0.85,0.9,0.9,0.86
9be000ae23275d57e1273d211a54ffd7,icon,,,partly-cloudy-day,clear-day,clear-day,fog,partly-cloudy-day,partly-cloudy-day,cloudy,partly-cloudy-day,clear-day,fog,fog,fog,fog,partly-cloudy-day,partly-cloudy-day,clear-day,clear-day,partly-cloudy-day,wind,partly-cloudy-day,wind,partly-cloudy-day,clear-day,clear-day,partly-cloudy-day,partly-cloudy-day,partly-cloudy-day
9be000ae23275d57e1273d211a54ffd7,moonPhase,,,0.23,0.27,0.3,0.34,0.38,0.41,0.45,0.49,0.52,0.55,0.59,0.62,0.65,0.68,0.71,0.74,0.77,0.8,0.83,0.86,0.89,0.93,0.96,0.99,0.03,0.06,0.1
9be000ae23275d57e1273d211a54ffd7,precipType,,,rain,rain,rain,rain,rain,rain,snow,snow,rain,rain,rain,rain,rain,rain,rain,rain,rain,rain,rain,rain,rain,rain,rain,rain,rain,rain,rain
9be000ae23275d57e1273d211a54ffd7,pressure,,,991.48,994.24,1004.67,1015.66,1013.59,1027.95,1030.07,1027.58,1026.81,1028.4,1027.46,1024.76,1025.32,1024.84,1025.7,1021.35,1018.58,1014.27,1010.45,1002.58,991.17,1013,1005.5,998.38,985.7,984.52,994.76
9be000ae23275d57e1273d211a54ffd7,summary,,,Mostly cloudy until afternoon.,Clear throughout the day.,Clear throughout the day.,Foggy in the morning.,Mostly cloudy until evening.,Mostly cloudy until evening.,Overcast until evening.,Mostly cloudy until evening.,Clear throughout the day.,Foggy overnight.,Foggy in the morning.,Foggy in the morning.,Foggy in the morning.,Partly cloudy until afternoon.,Partly cloudy until afternoon.,Clear throughout the day.,Clear throughout the day.,Mostly cloudy until evening.,Mostly cloudy until evening and windy starting in the evening.,Mostly cloudy until evening.,Mostly cloudy until evening and windy in the afternoon.,Partly cloudy until evening.,Clear throughout the day.,Clear throughout the day.,Mostly cloudy until evening.,Mostly cloudy until evening.,Mostly cloudy until evening.
9be000ae23275d57e1273d211a54ffd7,sunriseTime,,,1486108208,1486194501,1486280793,1486367082,1486453369,1486539655,1486625939,1486712222,1486798503,1486884782,1486971060,1487057337,1487143612,1487229886,1487316159,1487402430,1487488700,1487574969,1487661237,1487747503,1487833769,1487920034,1488006298,1488092560,1488178822,1488265083,1488351344
9be000ae23275d57e1273d211a54ffd7,sunsetTime,,,1486140746,1486227267,1486313787,1486400308,1486486829,1486573350,1486659871,1486746392,1486832913,1486919434,1487005955,1487092475,1487178996,1487265516,1487352036,1487438556,1487525076,1487611595,1487698114,1487784633,1487871151,1487957669,1488044187,1488130704,1488217221,1488303738,1488390254
9be000ae23275d57e1273d211a54ffd7,temperatureMax,,,49,44.37,41.9,39.89,44.97,38.01,35.01,35.1,36.93,37.19,43.52,42.79,48.51,48.06,49.57,50.84,49.54,53.51,52.63,51.62,46.84,44.47,49.27,49.96,42.32,41.5,43.55
9be000ae23275d57e1273d211a54ffd7,temperatureMaxTime,,,1486080000,1486216800,1486303200,1486396800,1486479600,1486558800,1486645200,1486735200,1486843200,1486940400,1486994400,1487080800,1487170800,1487250000,1487343600,1487430000,1487545200,1487588400,1487707200,1487721600,1487833200,1487948400,1488034800,1488121200,1488200400,1488286800,1488380400
9be000ae23275d57e1273d211a54ffd7,temperatureMin,,,41.02,33.51,32.33,28.87,36.4,33.54,32.85,32.47,33.23,33.94,37.01,34.92,42.22,42.16,42.28,43.75,44.48,46.79,41.31,42.38,37.05,35.77,41.15,42.31,34.33,31.29,32.98
9be000ae23275d57e1273d211a54ffd7,temperatureMinTime,,,1486108800,1486245600,1486335600,1486360800,1486501200,1486587600,1486674000,1486710000,1486771200,1486890000,1486962000,1487059200,1487120400,1487221200,1487318400,1487401200,1487487600,1487631600,1487664000,1487804400,1487887200,1487919600,1487984400,1488150000,1488236400,1488265200,1488348000
9be000ae23275d57e1273d211a54ffd7,time,,,1486080000,1486166400,1486252800,1486339200,1486425600,1486512000,1486598400,1486684800,1486771200,1486857600,1486944000,1487030400,1487116800,1487203200,1487289600,1487376000,1487462400,1487548800,1487635200,1487721600,1487808000,1487894400,1487980800,1488067200,1488153600,1488240000,1488326400
9be000ae23275d57e1273d211a54ffd7,visibility,,,7.54,7.65,5.03,3.33,4.39,5.27,7.47,7.15,4.82,4.11,2.44,2.96,3.57,7.3,5.9,5.19,7.42,7.09,7.44,7.66,6.4,8.29,7.15,7.69,7.63,7.18,7.83
9be000ae23275d57e1273d211a54ffd7,windBearing,,,154,199,160,152,153,87,86,37,29,66,83,106,174,245,226,212,262,267,246,268,267,272,215,219,224,250,249
9be000ae23275d57e1273d211a54ffd7,windSpeed,,,13.33,7.38,1.53,7.54,5.77,5.56,6.93,7.82,11.53,16.66,14.34,9.17,5.63,12.66,4.18,9.74,11.71,15.19,13.72,17.69,11.27,8.52,17.06,15.32,6.9,7.11,8.03
84d414ec45c5b436c8470ce314c3b83f,apparentTemperatureMax,,,,,,,,40.33,31.18,29.48,30.63,34.88,42.07,51.88,52.29,52.24,54.84,54.07,53.39,62.87,55.57,56.17,52,44.75,50.42,52.7,43.49,39.29,43.55
84d414ec45c5b436c8470ce314c3b83f,apparentTemperatureMaxTime,,,,,,,,1486515600,1486598400,1486742400,1486854000,1486936800,1486990800,1487084400,1487163600,1487253600,1487340000,1487433600,1487516400,1487599200,1487685600,1487764800,1487836800,1487944800,1488031200,1488110400,1488157200,1488322800,1488380400
84d414ec45c5b436c8470ce314c3b83f,apparentTemperatureMin,,,,,,,,31.97,27.95,27.58,26.48,28.46,31.64,32.13,40.55,39.77,40.09,38.88,35.67,45.77,50.6,51.5,35.36,30.93,38.28,42.94,31.74,28.89,35.81
84d414ec45c5b436c8470ce314c3b83f,apparentTemperatureMinTime,,,,,,,,1486594800,1486666800,1486728000,1486800000,1486890000,1486969200,1487044800,1487199600,1487214000,1487372400,1487390400,1487476800,1487563200,1487660400,1487804400,1487890800,1487919600,1487984400,1488067200,1488236400,1488265200,1488409200
84d414ec45c5b436c8470ce314c3b83f,cloudCover,,,,,,,,0.88,1,0.89,1,0.98,0.04,0.3,0.47,0.34,0.27,0.42,0.53,0.6,0.78,0.92,0.58,0.19,0.68,0.81,0.46,0.47,0.61
84d414ec45c5b436c8470ce314c3b83f,dewPoint,,,,,,,,35.44,31.73,32.59,32.42,34.97,37.31,38.37,45.61,42.55,42.89,41.56,42.81,49.84,48.76,48.65,39.98,32,42.11,46.12,41.21,35.07,39.07
84d414ec45c5b436c8470ce314c3b83f,humidity,,,,,,,,0.84,0.84,0.9,0.89,0.89,0.83,0.79,0.9,0.84,0.82,0.84,0.86,0.85,0.86,0.83,0.71,0.66,0.82,0.85,0.87,0.81,0.8
84d414ec45c5b436c8470ce314c3b83f,icon,,,,,,,,partly-cloudy-day,fog,fog,fog,fog,clear-day,partly-cloudy-night,partly-cloudy-day,partly-cloudy-day,partly-cloudy-day,cloudy,partly-cloudy-day,partly-cloudy-day,wind,wind,wind,partly-cloudy-day,cloudy,partly-cloudy-day,partly-cloudy-day,partly-cloudy-day,wind
84d414ec45c5b436c8470ce314c3b83f,moonPhase,,,,,,,,0.41,0.45,0.49,0.52,0.55,0.59,0.62,0.65,0.68,0.71,0.74,0.77,0.8,0.83,0.86,0.89,0.93,0.96,0.99,0.03,0.06,0.1
84d414ec45c5b436c8470ce314c3b83f,precipType,,,,,,,,rain,rain,rain,rain,rain,rain,rain,rain,rain,rain,rain,rain,rain,rain,rain,rain,rain,rain,rain,rain,rain,rain
84d414ec45c5b436c8470ce314c3b83f,pressure,,,,,,,,1026,1027.65,1023.78,1022.33,1022.37,1021.91,1023.32,1027.79,1029.46,1027.76,1025.17,1022.39,1018.63,1015.9,1008.26,998.18,1015.87,1013.64,1005.92,990.31,988.56,998.25
84d414ec45c5b436c8470ce314c3b83f,summary,,,,,,,,Mostly cloudy throughout the day.,Foggy starting in the evening.,Foggy until afternoon.,Foggy until afternoon.,Foggy until afternoon.,Clear throughout the day.,"Mostly cloudy starting in the afternoon, continuing until evening.",Mostly cloudy until evening.,Partly cloudy until evening.,Partly cloudy until afternoon.,Overcast until afternoon.,Mostly cloudy until evening.,Mostly cloudy until evening.,Mostly cloudy until evening and breezy overnight.,Breezy in the morning and mostly cloudy until evening.,Windy and mostly cloudy until evening.,Partly cloudy until afternoon.,Overcast until evening.,Mostly cloudy until evening.,Mostly cloudy until evening.,Mostly cloudy until evening.,Mostly cloudy throughout the day and breezy overnight.
84d414ec45c5b436c8470ce314c3b83f,sunriseTime,,,,,,,,1486538907,1486625202,1486711495,1486797786,1486884076,1486970365,1487056652,1487142938,1487229222,1487315505,1487401787,1487488068,1487574347,1487660625,1487746903,1487833179,1487919454,1488005728,1488092002,1488178274,1488264545,1488350816
84d414ec45c5b436c8470ce314c3b83f,sunsetTime,,,,,,,,1486573406,1486659916,1486746427,1486832937,1486919448,1487005958,1487092468,1487178978,1487265488,1487351997,1487438506,1487525015,1487611524,1487698033,1487784541,1487871049,1487957556,1488044063,1488130570,1488217077,1488303583,1488390089
84d414ec45c5b436c8470ce314c3b83f,temperatureMax,,,,,,,,42.24,36.45,36.23,37.13,42.36,48.34,51.88,52.29,52.24,54.84,54.07,53.39,62.87,55.57,56.17,52,48.76,50.42,52.7,48.5,46.41,48.02
84d414ec45c5b436c8470ce314c3b83f,temperatureMaxTime,,,,,,,,1486515600,1486598400,1486742400,1486854000,1486936800,1486990800,1487084400,1487163600,1487253600,1487340000,1487433600,1487516400,1487599200,1487685600,1487764800,1487836800,1487944800,1488031200,1488110400,1488157200,1488322800,1488380400
84d414ec45c5b436c8470ce314c3b83f,temperatureMin,,,,,,,,37.2,35.38,34.57,33.45,35.28,39.38,38.2,45.03,43.65,43.51,42.75,40.44,49.65,50.6,51.5,42.3,37.74,42.98,48.75,38.52,35.34,42.28
84d414ec45c5b436c8470ce314c3b83f,temperatureMinTime,,,,,,,,1486594800,1486659600,1486767600,1486796400,1486890000,1486969200,1487055600,1487199600,1487224800,1487372400,1487458800,1487476800,1487563200,1487660400,1487804400,1487890800,1487919600,1487980800,1488067200,1488236400,1488265200,1488348000
84d414ec45c5b436c8470ce314c3b83f,time,,,,,,,,1486512000,1486598400,1486684800,1486771200,1486857600,1486944000,1487030400,1487116800,1487203200,1487289600,1487376000,1487462400,1487548800,1487635200,1487721600,1487808000,1487894400,1487980800,1488067200,1488153600,1488240000,1488326400
84d414ec45c5b436c8470ce314c3b83f,visibility,,,,,,,,4.86,4.33,2.43,2.68,2.43,3.28,5.53,5.09,6.95,6.71,4.7,5.7,6.42,6.82,6.91,7.19,7.81,7.15,6.4,7.04,7.47,7.3
84d414ec45c5b436c8470ce314c3b83f,windBearing,,,,,,,,19,46,22,12,61,81,109,184,239,241,207,247,256,252,247,258,282,219,222,215,246,243
84d414ec45c5b436c8470ce314c3b83f,windSpeed,,,,,,,,5.19,7.94,7.81,7.91,10.09,14.33,7.85,5.82,7.92,5.09,6.34,7.71,11.2,12.39,17.03,21.72,8.01,13.82,15.42,11.79,11.65,10.28
fe5d591b3509247487a917d4e8a33f65,apparentTemperatureMax,,,,,,,46.21,35.72,30.28,27.46,28.52,33.2,43.77,46.03,46.1,51.42,52.44,52.31,51.55,58.82,54.14,54.08,50.22,43.57,43.62,50.89,41.38,37.13,42.24
fe5d591b3509247487a917d4e8a33f65,apparentTemperatureMaxTime,,,,,,,1486476000,1486555200,1486598400,1486742400,1486854000,1486940400,1486994400,1487084400,1487156400,1487253600,1487340000,1487430000,1487509200,1487599200,1487685600,1487772000,1487815200,1487952000,1488027600,1488110400,1488153600,1488319200,1488369600
fe5d591b3509247487a917d4e8a33f65,apparentTemperatureMin,,,,,,,34.8,31.02,26.4,25.43,24.06,26.36,30.49,29.05,40.61,38.33,37.56,36.73,34.33,45.13,45.31,50.17,33.63,29.25,35.8,41.2,30.02,27.45,33.46
fe5d591b3509247487a917d4e8a33f65,apparentTemperatureMinTime,,,,,,,1486425600,1486594800,1486670400,1486713600,1486800000,1486886400,1486969200,1487048400,1487199600,1487224800,1487372400,1487458800,1487469600,1487556000,1487656800,1487804400,1487890800,1487919600,1487980800,1488150000,1488236400,1488265200,1488409200
fe5d591b3509247487a917d4e8a33f65,cloudCover,,,,,,,0.62,0.85,0.99,0.92,0.98,1,0.27,0.61,0.78,0.63,0.55,0.61,0.76,0.86,0.92,0.94,0.69,0.32,0.85,0.86,0.65,0.6,0.75
fe5d591b3509247487a917d4e8a33f65,dewPoint,,,,,,,39.69,35.85,31.14,32.02,31.7,34.33,36.54,38.61,45.76,42.3,42.57,41.28,43.04,49.61,48.52,48.47,39.53,31.58,42.4,45.72,39.82,34.85,38.73
fe5d591b3509247487a917d4e8a33f65,humidity,,,,,,,0.88,0.9,0.87,0.94,0.92,0.92,0.83,0.85,0.96,0.87,0.88,0.9,0.89,0.9,0.89,0.88,0.75,0.71,0.86,0.89,0.88,0.84,0.83
fe5d591b3509247487a917d4e8a33f65,icon,,,,,,,partly-cloudy-day,partly-cloudy-day,fog,fog,cloudy,partly-cloudy-day,partly-cloudy-day,partly-cloudy-day,fog,partly-cloudy-day,partly-cloudy-day,fog,partly-cloudy-day,partly-cloudy-day,wind,wind,wind,partly-cloudy-day,cloudy,wind,partly-cloudy-day,wind,wind
fe5d591b3509247487a917d4e8a33f65,moonPhase,,,,,,,0.38,0.41,0.45,0.49,0.52,0.55,0.59,0.62,0.65,0.68,0.71,0.74,0.77,0.8,0.83,0.86,0.89,0.93,0.96,0.99,0.03,0.06,0.1
fe5d591b3509247487a917d4e8a33f65,precipAccumulation,,,,,,,,,,60.572,,,,,,,,,,,,,,,,,,,
fe5d591b3509247487a917d4e8a33f65,precipIntensity,,,,,,,0.6575,0,0.3283,0.3321,0,0.4063,0.08,0,0,0,0,0,0,0,0.2233,0,0.1825,0,0.3563,0.1283,0.0371,0.7963,1.1238
fe5d591b3509247487a917d4e8a33f65,precipIntensityMax,,,,,,,10.22,0,7.55,7.8,0,9.75,1.92,0,0,0,0,0,0,0,5.36,0,4.38,,8.55,3.08,0.89,10.22,10.22
fe5d591b3509247487a917d4e8a33f65,precipIntensityMaxTime,,,,,,,1486486800,,1486638000,1486695600,,1486868400,1486962000,,,,,,,,1487692800,,1487840400,,1488045600,1488106800,1488193200,1488301200,1488409200
fe5d591b3509247487a917d4e8a33f65,precipProbability,,,,,,,0.98,0,0.98,0.98,0,0.98,0.96,0,0,0,0,0,0,0,0.98,0,0.97,0,0.98,0.97,0.93,0.98,0.98
fe5d591b3509247487a917d4e8a33f65,precipType,,,,,,,rain,,rain,snow,,rain,rain,,,,,,,,rain,,rain,,rain,rain,rain,rain,rain
fe5d591b3509247487a917d4e8a33f65,pressure,,,,,,,1014.25,1026.23,1027.62,1024.16,1022.92,1022.19,1020.94,1022.7,1027.48,1029.6,1027.9,1025.06,1022.62,1019.28,1016.37,1008.74,999.02,1016.32,1013.37,1005.67,989.93,988.86,998.49
fe5d591b3509247487a917d4e8a33f65,summary,,,,,,,Partly cloudy throughout the day.,Mostly cloudy throughout the day.,Foggy overnight.,Foggy until afternoon.,Overcast throughout the day.,Mostly cloudy throughout the day.,Partly cloudy in the morning.,Mostly cloudy throughout the day.,Foggy in the morning.,Mostly cloudy throughout the day.,Mostly cloudy throughout the day.,Foggy in the morning.,Mostly cloudy throughout the day.,Mostly cloudy throughout the day.,Overcast throughout the day and breezy overnight.,Breezy in the morning and mostly cloudy throughout the day.,Mostly cloudy throughout the day and windy until evening.,Partly cloudy throughout the day.,Overcast throughout the day.,Mostly cloudy throughout the day and breezy in the evening.,Mostly cloudy throughout the day.,Mostly cloudy throughout the day and breezy starting in the evening.,Mostly cloudy throughout the day and breezy overnight.
fe5d591b3509247487a917d4e8a33f65,sunriseTime,,,,,,,1486452810,1486539106,1486625401,1486711694,1486797986,1486884276,1486970565,1487056853,1487143138,1487229423,1487315706,1487401989,1487488269,1487574549,1487660828,1487747105,1487833381,1487919657,1488005931,1488092205,1488178477,1488264749,1488351020
fe5d591b3509247487a917d4e8a33f65,sunsetTime,,,,,,,1486487112,1486573623,1486660133,1486746643,1486833154,1486919664,1487006174,1487092684,1487179193,1487265703,1487352212,1487438721,1487525230,1487611739,1487698247,1487784755,1487871262,1487957770,1488044277,1488130783,1488217290,1488303796,1488390301
fe5d591b3509247487a917d4e8a33f65,temperatureMax,,,,,,,49.18,40.36,35.61,34.79,35.58,41.1,49.47,49.64,49.63,51.42,52.44,52.31,51.55,58.82,54.14,54.08,50.22,46.92,49.52,50.89,46.54,44.78,46.7
fe5d591b3509247487a917d4e8a33f65,temperatureMaxTime,,,,,,,1486476000,1486555200,1486598400,1486742400,1486854000,1486940400,1486994400,1487084400,1487156400,1487253600,1487340000,1487430000,1487509200,1487599200,1487685600,1487772000,1487815200,1487952000,1488027600,1488110400,1488153600,1488319200,1488369600
fe5d591b3509247487a917d4e8a33f65,temperatureMin,,,,,,,39.1,36.12,33.74,32.42,32.29,34.3,37.95,35.8,44.96,41.93,41.07,39.52,38.06,48.59,49.31,50.17,40.46,35.51,40.52,46.85,36.46,32.8,40.42
fe5d591b3509247487a917d4e8a33f65,temperatureMinTime,,,,,,,1486508400,1486594800,1486681200,1486753200,1486800000,1486886400,1486969200,1487048400,1487199600,1487221200,1487368800,1487458800,1487466000,1487556000,1487656800,1487804400,1487890800,1487919600,1487980800,1488150000,1488236400,1488265200,1488351600
fe5d591b3509247487a917d4e8a33f65,time,,,,,,,1486425600,1486512000,1486598400,1486684800,1486771200,1486857600,1486944000,1487030400,1487116800,1487203200,1487289600,1487376000,1487462400,1487548800,1487635200,1487721600,1487808000,1487894400,1487980800,1488067200,1488153600,1488240000,1488326400
fe5d591b3509247487a917d4e8a33f65,visibility,,,,,,,6.52,6.1,5.57,2.61,3.6,2.94,3.78,5.26,4.77,7.66,6.96,4.68,6.28,6.73,7.76,7.7,8.26,9.19,8.09,7.41,8.14,8.65,8.34
fe5d591b3509247487a917d4e8a33f65,windBearing,,,,,,,244,14,54,28,9,59,78,111,184,236,229,194,245,259,253,249,259,279,215,222,213,250,241
fe5d591b3509247487a917d4e8a33f65,windSpeed,,,,,,,2.53,4.56,7.92,8.21,8.82,10.92,13.26,7.51,6.05,6.92,4.36,5.83,6.88,10.19,12.41,16.66,19.52,6.76,13.73,14.51,11.15,11.23,9.35
16bdd6fe40ed85ce99a456af6d7cff93,apparentTemperatureMax,,,,,,,,,,,,,,,,,,,,,53.66,51.77,50.07,44.35,43.25,50.32,40.9,38.34,40.94
16bdd6fe40ed85ce99a456af6d7cff93,apparentTemperatureMaxTime,,,,,,,,,,,,,,,,,,,,,1487685600,1487764800,1487847600,1487944800,1488031200,1488106800,1488153600,1488286800,1488369600
16bdd6fe40ed85ce99a456af6d7cff93,apparentTemperatureMin,,,,,,,,,,,,,,,,,,,,,44.16,43.29,34.21,30.15,35.19,40.89,32.16,29.95,36.02
16bdd6fe40ed85ce99a456af6d7cff93,apparentTemperatureMinTime,,,,,,,,,,,,,,,,,,,,,1487660400,1487804400,1487890800,1487916000,1487980800,1488150000,1488225600,1488265200,1488348000
16bdd6fe40ed85ce99a456af6d7cff93,cloudCover,,,,,,,,,,,,,,,,,,,,,0.85,0.98,0.63,0.14,0.61,0.86,0.61,0.51,0.66
16bdd6fe40ed85ce99a456af6d7cff93,dewPoint,,,,,,,,,,,,,,,,,,,,,47.98,47.44,39.88,31.94,42.82,46.1,41.2,35.64,39.25
16bdd6fe40ed85ce99a456af6d7cff93,humidity,,,,,,,,,,,,,,,,,,,,,0.89,0.89,0.75,0.69,0.86,0.9,0.88,0.81,0.82
16bdd6fe40ed85ce99a456af6d7cff93,icon,,,,,,,,,,,,,,,,,,,,,cloudy,wind,wind,partly-cloudy-day,cloudy,wind,partly-cloudy-day,partly-cloudy-night,wind
16bdd6fe40ed85ce99a456af6d7cff93,moonPhase,,,,,,,,,,,,,,,,,,,,,0.83,0.86,0.89,0.93,0.96,0.99,0.03,0.06,0.1
16bdd6fe40ed85ce99a456af6d7cff93,precipType,,,,,,,,,,,,,,,,,,,,,rain,rain,rain,rain,rain,rain,rain,rain,rain
16bdd6fe40ed85ce99a456af6d7cff93,pressure,,,,,,,,,,,,,,,,,,,,,1015.73,1008.36,999.66,1015.71,1013.62,1006.23,990.8,988.22,998.21
16bdd6fe40ed85ce99a456af6d7cff93,summary,,,,,,,,,,,,,,,,,,,,,Overcast throughout the day.,Breezy in the morning and overcast throughout the day.,Windy and mostly cloudy until evening.,Partly cloudy until afternoon.,Overcast until evening.,Mostly cloudy throughout the day and breezy starting in the evening.,Mostly cloudy until evening.,Mostly cloudy throughout the day.,Mostly cloudy throughout the day and breezy overnight.
16bdd6fe40ed85ce99a456af6d7cff93,sunriseTime,,,,,,,,,,,,,,,,,,,,,1487660561,1487746841,1487833120,1487919398,1488005675,1488091951,1488178226,1488264501,1488350775
16bdd6fe40ed85ce99a456af6d7cff93,sunsetTime,,,,,,,,,,,,,,,,,,,,,1487698116,1487784621,1487871126,1487957630,1488044135,1488130639,1488217142,1488303646,1488390149
16bdd6fe40ed85ce99a456af6d7cff93,temperatureMax,,,,,,,,,,,,,,,,,,,,,53.66,51.77,50.07,48.14,49.7,50.32,47.93,45.19,46.26
16bdd6fe40ed85ce99a456af6d7cff93,temperatureMaxTime,,,,,,,,,,,,,,,,,,,,,1487685600,1487764800,1487847600,1487944800,1488031200,1488106800,1488153600,1488286800,1488369600
16bdd6fe40ed85ce99a456af6d7cff93,temperatureMin,,,,,,,,,,,,,,,,,,,,,49.06,49.3,41.95,36.83,39.92,47.83,38.92,34.23,42.14
16bdd6fe40ed85ce99a456af6d7cff93,temperatureMinTime,,,,,,,,,,,,,,,,,,,,,1487660400,1487804400,1487890800,1487973600,1487980800,1488078000,1488236400,1488265200,1488348000
16bdd6fe40ed85ce99a456af6d7cff93,time,,,,,,,,,,,,,,,,,,,,,1487635200,1487721600,1487808000,1487894400,1487980800,1488067200,1488153600,1488240000,1488326400
16bdd6fe40ed85ce99a456af6d7cff93,visibility,,,,,,,,,,,,,,,,,,,,,6.76,5.7,6.77,8.48,7.21,5.49,6.49,7.36,7.16
16bdd6fe40ed85ce99a456af6d7cff93,windBearing,,,,,,,,,,,,,,,,,,,,,253,251,258,294,217,220,220,261,251
16bdd6fe40ed85ce99a456af6d7cff93,windSpeed,,,,,,,,,,,,,,,,,,,,,13.92,19.69,20.13,8.14,16.35,17.75,15.26,11.89,10.36
f8a762f49d2abffe630be60295f71ed0,apparentTemperatureMax,,,,,,,,,,,,,,,,,,,,,55.54,56.13,51.93,44.71,50.39,52.69,43.44,39.25,43.53
f8a762f49d2abffe630be60295f71ed0,apparentTemperatureMaxTime,,,,,,,,,,,,,,,,,,,,,1487685600,1487764800,1487836800,1487944800,1488031200,1488110400,1488157200,1488322800,1488380400
f8a762f49d2abffe630be60295f71ed0,apparentTemperatureMin,,,,,,,,,,,,,,,,,,,,,50.56,51.48,35.35,30.92,38.24,42.91,31.74,28.89,35.79
f8a762f49d2abffe630be60295f71ed0,apparentTemperatureMinTime,,,,,,,,,,,,,,,,,,,,,1487660400,1487804400,1487890800,1487919600,1487984400,1488067200,1488236400,1488265200,1488409200
f8a762f49d2abffe630be60295f71ed0,cloudCover,,,,,,,,,,,,,,,,,,,,,0.78,0.92,0.58,0.2,0.68,0.81,0.47,0.47,0.61
f8a762f49d2abffe630be60295f71ed0,dewPoint,,,,,,,,,,,,,,,,,,,,,48.76,48.64,39.97,32,42.11,46.11,41.19,35.06,39.06
f8a762f49d2abffe630be60295f71ed0,humidity,,,,,,,,,,,,,,,,,,,,,0.86,0.83,0.71,0.66,0.82,0.85,0.87,0.81,0.8
f8a762f49d2abffe630be60295f71ed0,icon,,,,,,,,,,,,,,,,,,,,,wind,partly-cloudy-day,wind,partly-cloudy-day,cloudy,partly-cloudy-day,partly-cloudy-day,partly-cloudy-day,wind
f8a762f49d2abffe630be60295f71ed0,moonPhase,,,,,,,,,,,,,,,,,,,,,0.83,0.86,0.89,0.93,0.96,0.99,0.03,0.06,0.1
f8a762f49d2abffe630be60295f71ed0,precipType,,,,,,,,,,,,,,,,,,,,,rain,rain,rain,rain,rain,rain,rain,rain,rain
f8a762f49d2abffe630be60295f71ed0,pressure,,,,,,,,,,,,,,,,,,,,,1015.91,1008.27,998.19,1015.88,1013.64,1005.91,990.3,988.57,998.25
f8a762f49d2abffe630be60295f71ed0,summary,,,,,,,,,,,,,,,,,,,,,Mostly cloudy until evening and breezy overnight.,Mostly cloudy until evening.,Windy and mostly cloudy until evening.,Partly cloudy until afternoon.,Overcast until evening.,Mostly cloudy until evening.,Mostly cloudy throughout the day.,Mostly cloudy until evening.,Mostly cloudy throughout the day and breezy overnight.
f8a762f49d2abffe630be60295f71ed0,sunriseTime,,,,,,,,,,,,,,,,,,,,,1487660632,1487746909,1487833185,1487919460,1488005735,1488092008,1488178280,1488264552,1488350822
f8a762f49d2abffe630be60295f71ed0,sunsetTime,,,,,,,,,,,,,,,,,,,,,1487698038,1487784546,1487871054,1487957562,1488044069,1488130576,1488217082,1488303589,1488390094
f8a762f49d2abffe630be60295f71ed0,temperatureMax,,,,,,,,,,,,,,,,,,,,,55.54,56.13,51.93,48.73,50.39,52.69,48.45,46.37,47.99
f8a762f49d2abffe630be60295f71ed0,temperatureMaxTime,,,,,,,,,,,,,,,,,,,,,1487685600,1487764800,1487836800,1487944800,1488031200,1488110400,1488157200,1488322800,1488380400
f8a762f49d2abffe630be60295f71ed0,temperatureMin,,,,,,,,,,,,,,,,,,,,,50.56,51.48,42.26,37.69,42.91,48.73,38.47,35.3,42.24
f8a762f49d2abffe630be60295f71ed0,temperatureMinTime,,,,,,,,,,,,,,,,,,,,,1487660400,1487804400,1487890800,1487919600,1487980800,1488067200,1488236400,1488265200,1488348000
f8a762f49d2abffe630be60295f71ed0,time,,,,,,,,,,,,,,,,,,,,,1487635200,1487721600,1487808000,1487894400,1487980800,1488067200,1488153600,1488240000,1488326400
f8a762f49d2abffe630be60295f71ed0,visibility,,,,,,,,,,,,,,,,,,,,,6.85,6.97,7.24,7.88,7.2,6.45,7.09,7.52,7.35
f8a762f49d2abffe630be60295f71ed0,windBearing,,,,,,,,,,,,,,,,,,,,,252,247,258,282,219,223,215,246,243
f8a762f49d2abffe630be60295f71ed0,windSpeed,,,,,,,,,,,,,,,,,,,,,12.35,16.93,21.58,7.93,13.79,15.38,11.73,11.58,10.2
07d09eab6c837d4b0c0b17aba37e1dcf,apparentTemperatureMax,,,,,,,,,,,,,,,,,,,,,,,51.3,43.98,43.79,52.88,42.85,37.48,43.01
07d09eab6c837d4b0c0b17aba37e1dcf,apparentTemperatureMaxTime,,,,,,,,,,,,,,,,,,,,,,,1487833200,1487944800,1488031200,1488110400,1488153600,1488319200,1488376800
07d09eab6c837d4b0c0b17aba37e1dcf,apparentTemperatureMin,,,,,,,,,,,,,,,,,,,,,,,34.37,29.97,36.27,41.78,30.69,27.78,34.17
07d09eab6c837d4b0c0b17aba37e1dcf,apparentTemperatureMinTime,,,,,,,,,,,,,,,,,,,,,,,1487890800,1487916000,1487980800,1488150000,1488236400,1488265200,1488409200
07d09eab6c837d4b0c0b17aba37e1dcf,cloudCover,,,,,,,,,,,,,,,,,,,,,,,0.71,0.2,0.68,0.87,0.58,0.55,0.66
07d09eab6c837d4b0c0b17aba37e1dcf,dewPoint,,,,,,,,,,,,,,,,,,,,,,,39.97,32.09,42.49,46.13,40.81,35.2,39.03
07d09eab6c837d4b0c0b17aba37e1dcf,humidity,,,,,,,,,,,,,,,,,,,,,,,0.73,0.69,0.85,0.87,0.89,0.83,0.81
07d09eab6c837d4b0c0b17aba37e1dcf,icon,,,,,,,,,,,,,,,,,,,,,,,wind,partly-cloudy-day,cloudy,partly-cloudy-day,partly-cloudy-day,partly-cloudy-night,wind
07d09eab6c837d4b0c0b17aba37e1dcf,moonPhase,,,,,,,,,,,,,,,,,,,,,,,0.89,0.93,0.96,0.99,0.03,0.06,0.1
07d09eab6c837d4b0c0b17aba37e1dcf,precipType,,,,,,,,,,,,,,,,,,,,,,,rain,rain,rain,rain,rain,rain,rain
07d09eab6c837d4b0c0b17aba37e1dcf,pressure,,,,,,,,,,,,,,,,,,,,,,,998.5,1016.06,1013.68,1005.92,990.26,988.68,998.36
07d09eab6c837d4b0c0b17aba37e1dcf,summary,,,,,,,,,,,,,,,,,,,,,,,Windy and mostly cloudy until evening.,Partly cloudy until afternoon.,Overcast until evening.,Mostly cloudy throughout the day.,Mostly cloudy until evening.,Mostly cloudy throughout the day.,Mostly cloudy in the morning and breezy overnight.
07d09eab6c837d4b0c0b17aba37e1dcf,sunriseTime,,,,,,,,,,,,,,,,,,,,,,,1487833257,1487919532,1488005807,1488092080,1488178353,1488264625,1488350896
07d09eab6c837d4b0c0b17aba37e1dcf,sunsetTime,,,,,,,,,,,,,,,,,,,,,,,1487871137,1487957644,1488044151,1488130658,1488217164,1488303670,1488390176
07d09eab6c837d4b0c0b17aba37e1dcf,temperatureMax,,,,,,,,,,,,,,,,,,,,,,,51.3,48.18,49.77,52.88,47.57,45.31,47.51
07d09eab6c837d4b0c0b17aba37e1dcf,temperatureMaxTime,,,,,,,,,,,,,,,,,,,,,,,1487833200,1487944800,1488031200,1488110400,1488153600,1488319200,1488376800
07d09eab6c837d4b0c0b17aba37e1dcf,temperatureMin,,,,,,,,,,,,,,,,,,,,,,,41.11,36.37,41.03,47.66,37.23,33.82,41.98
07d09eab6c837d4b0c0b17aba37e1dcf,temperatureMinTime,,,,,,,,,,,,,,,,,,,,,,,1487890800,1487916000,1487980800,1488150000,1488236400,1488265200,1488351600
07d09eab6c837d4b0c0b17aba37e1dcf,time,,,,,,,,,,,,,,,,,,,,,,,1487808000,1487894400,1487980800,1488067200,1488153600,1488240000,1488326400
07d09eab6c837d4b0c0b17aba37e1dcf,visibility,,,,,,,,,,,,,,,,,,,,,,,7.09,7.53,7.05,6.55,6.92,7.23,7.21
07d09eab6c837d4b0c0b17aba37e1dcf,windBearing,,,,,,,,,,,,,,,,,,,,,,,260,279,218,223,212,248,243
07d09eab6c837d4b0c0b17aba37e1dcf,windSpeed,,,,,,,,,,,,,,,,,,,,,,,20.81,7.41,13.51,15.19,11.18,11.52,10.18
51fa5362e943615c7b31d367b461fd2c,apparentTemperatureMax,,,,,,,,,,,,,42.75,50.94,53.2,51.6,53.19,43.88,51.68,61.45,54.5,53.54,50.56,42.66,50.57,52.67,42.86,37.36,42.01
51fa5362e943615c7b31d367b461fd2c,apparentTemperatureMaxTime,,,,,,,,,,,,,1486990800,1487080800,1487163600,1487253600,1487343600,1487433600,1487516400,1487592000,1487689200,1487757600,1487840400,1487952000,1488027600,1488114000,1488196800,1488286800,1488376800
51fa5362e943615c7b31d367b461fd2c,apparentTemperatureMin,,,,,,,,,,,,,28.22,28.58,39.81,36.2,37.94,34.37,33.74,43.93,44.79,45.4,31.88,29.07,33.98,41.11,29.2,27.15,29.89
51fa5362e943615c7b31d367b461fd2c,apparentTemperatureMinTime,,,,,,,,,,,,,1486965600,1487044800,1487142000,1487232000,1487289600,1487397600,1487462400,1487548800,1487653200,1487800800,1487890800,1487919600,1487984400,1488067200,1488236400,1488261600,1488348000
51fa5362e943615c7b31d367b461fd2c,cloudCover,,,,,,,,,,,,,0.11,0.24,0.57,0.34,0.39,0.08,0.41,0.65,0.64,0.87,0.73,0.34,,0.45,0.51,0.55,0.6
51fa5362e943615c7b31d367b461fd2c,dewPoint,,,,,,,,,,,,,37.03,38.57,45.47,42.77,43.68,41.55,43.9,50.27,48.54,48.4,41.04,34.03,42.2,45.55,40.81,35.57,38.35
51fa5362e943615c7b31d367b461fd2c,humidity,,,,,,,,,,,,,0.89,0.86,0.92,0.89,0.88,0.93,0.9,0.88,0.89,0.9,0.81,0.78,0.86,0.86,0.89,0.88,0.85
51fa5362e943615c7b31d367b461fd2c,icon,,,,,,,,,,,,,clear-day,partly-cloudy-night,rain,partly-cloudy-night,partly-cloudy-day,clear-day,partly-cloudy-night,partly-cloudy-day,wind,rain,wind,partly-cloudy-day,rain,rain,partly-cloudy-day,rain,rain
51fa5362e943615c7b31d367b461fd2c,moonPhase,,,,,,,,,,,,,0.59,0.62,0.65,0.68,0.71,0.74,0.77,0.8,0.83,0.86,0.89,0.93,0.96,0.99,0.03,0.06,0.1
51fa5362e943615c7b31d367b461fd2c,precipIntensity,,,,,,,,,,,,,0,0,0.0032,0.0002,0,0,0,0,0,0.005,0.0056,0,0.0011,0.0013,0.0008,0.003,0.0008
51fa5362e943615c7b31d367b461fd2c,precipIntensityMax,,,,,,,,,,,,,0,0,0.0433,0.0056,0,0,0,0,0,0.0334,0.03,0,0.0111,0.0256,0.0156,0.0556,0.02
51fa5362e943615c7b31d367b461fd2c,precipIntensityMaxTime,,,,,,,,,,,,,,,1487188800,1487268000,,,,,,1487775600,1487815200,,1488052800,1488146400,1488207600,1488315600,1488409200
51fa5362e943615c7b31d367b461fd2c,precipProbability,,,,,,,,,,,,,0,0,0.71,0.25,0,0,0,0,0,0.67,0.66,0,0.52,0.64,0.57,0.74,0.61
51fa5362e943615c7b31d367b461fd2c,precipType,,,,,,,,,,,,,,,rain,rain,,,,,,rain,rain,,rain,rain,rain,rain,rain
51fa5362e943615c7b31d367b461fd2c,pressure,,,,,,,,,,,,,1024.27,1024.27,1027.07,1027.83,1026.9,1024.39,1020.79,1016.49,1013.77,1005.52,994.31,1014.48,1011.59,1004.28,988.75,986.65,996.63
51fa5362e943615c7b31d367b461fd2c,summary,,,,,,,,,,,,,Clear throughout the day.,Mostly cloudy starting in the afternoon.,Light rain in the evening.,Partly cloudy in the morning.,Mostly cloudy until afternoon.,Clear throughout the day.,Mostly cloudy starting in the evening.,Mostly cloudy throughout the day.,Mostly cloudy throughout the day and breezy starting in the evening.,"Light rain until afternoon, starting again overnight.",Windy and mostly cloudy until evening.,Partly cloudy until afternoon.,Light rain in the evening.,Breezy in the evening and light rain overnight.,Partly cloudy until evening.,Rain starting in the evening.,Light rain and breezy overnight.
51fa5362e943615c7b31d367b461fd2c,sunriseTime,,,,,,,,,,,,,1486970414,1487056698,1487142981,1487229262,1487315542,1487401821,1487488099,1487574375,1487660650,1487746924,1487833197,1487919470,1488005741,1488092011,1488178280,1488264549,1488350816
51fa5362e943615c7b31d367b461fd2c,sunsetTime,,,,,,,,,,,,,1487005802,1487092315,1487178828,1487265341,1487351854,1487438366,1487524878,1487611390,1487697902,1487784413,1487870924,1487957434,1488043945,1488130455,1488216964,1488303473,1488389982
51fa5362e943615c7b31d367b461fd2c,temperatureMax,,,,,,,,,,,,,48.83,50.94,53.2,51.6,53.19,48.09,51.68,61.45,54.5,53.54,50.56,46.85,50.57,52.67,49,44.54,47.87
51fa5362e943615c7b31d367b461fd2c,temperatureMaxTime,,,,,,,,,,,,,1486990800,1487080800,1487163600,1487253600,1487343600,1487433600,1487516400,1487592000,1487689200,1487757600,1487840400,1487952000,1488027600,1488114000,1488196800,1488286800,1488376800
51fa5362e943615c7b31d367b461fd2c,temperatureMin,,,,,,,,,,,,,36.96,36.06,43.73,41.78,42.99,40.39,39.9,48.63,48.67,48.81,39.31,36.82,40.36,47.2,36.55,35.15,35.94
51fa5362e943615c7b31d367b461fd2c,temperatureMinTime,,,,,,,,,,,,,1486969200,1487055600,1487142000,1487232000,1487289600,1487458800,1487462400,1487548800,1487656800,1487804400,1487890800,1487919600,1487984400,1488150000,1488236400,1488261600,1488351600
51fa5362e943615c7b31d367b461fd2c,time,,,,,,,,,,,,,1486944000,1487030400,1487116800,1487203200,1487289600,1487376000,1487462400,1487548800,1487635200,1487721600,1487808000,1487894400,1487980800,1488067200,1488153600,1488240000,1488326400
51fa5362e943615c7b31d367b461fd2c,visibility,,,,,,,,,,,,,3.4,4.91,5.33,6.88,7.15,4.68,6.18,6.85,7.34,6.46,7.08,7.63,7.38,7.26,7.43,7.25,7.19
51fa5362e943615c7b31d367b461fd2c,windBearing,,,,,,,,,,,,,83,118,185,237,245,210,242,258,246,249,260,281,215,220,208,241,246
51fa5362e943615c7b31d367b461fd2c,windSpeed,,,,,,,,,,,,,13.99,8.71,8.07,10.35,4.76,7.93,9.39,12.85,12.22,14.05,21.48,8.12,15.66,17.1,13,12.11,9.73
a35e427b4130be7b2a892e286f0ebb91,apparentTemperatureMax,,,,,,,,,,,,,42.58,52.5,52.68,52.66,55.48,54.58,53.73,63.5,55.8,56.63,52.55,45.61,50.74,52.86,43.84,39.73,44.24
a35e427b4130be7b2a892e286f0ebb91,apparentTemperatureMaxTime,,,,,,,,,,,,,1486990800,1487084400,1487163600,1487253600,1487340000,1487433600,1487516400,1487599200,1487685600,1487764800,1487836800,1487944800,1488031200,1488110400,1488157200,1488322800,1488380400
a35e427b4130be7b2a892e286f0ebb91,apparentTemperatureMin,,,,,,,,,,,,,32.06,32.93,40.54,39.86,40.4,39.02,36.06,46.05,50.82,51.78,35.88,31.13,38.88,43.11,32.11,29.35,36.22
a35e427b4130be7b2a892e286f0ebb91,apparentTemperatureMinTime,,,,,,,,,,,,,1486972800,1487044800,1487199600,1487214000,1487372400,1487390400,1487476800,1487563200,1487660400,1487804400,1487890800,1487919600,1487984400,1488067200,1488236400,1488265200,1488409200
a35e427b4130be7b2a892e286f0ebb91,cloudCover,,,,,,,,,,,,,0.04,0.3,0.48,0.35,0.27,0.42,0.53,0.6,0.78,0.92,0.58,0.19,0.68,0.81,0.46,0.47,0.61
a35e427b4130be7b2a892e286f0ebb91,dewPoint,,,,,,,,,,,,,37.42,38.28,45.67,42.58,42.87,41.59,42.91,49.89,48.77,48.73,39.99,32,42.12,46.19,41.36,35.14,39.18
a35e427b4130be7b2a892e286f0ebb91,humidity,,,,,,,,,,,,,0.82,0.77,0.89,0.83,0.81,0.83,0.85,0.85,0.85,0.83,0.71,0.65,0.82,0.84,0.87,0.8,0.8
a35e427b4130be7b2a892e286f0ebb91,icon,,,,,,,,,,,,,clear-day,partly-cloudy-night,partly-cloudy-day,partly-cloudy-day,partly-cloudy-day,cloudy,partly-cloudy-day,partly-cloudy-day,wind,wind,wind,partly-cloudy-day,cloudy,partly-cloudy-day,partly-cloudy-day,partly-cloudy-day,wind
a35e427b4130be7b2a892e286f0ebb91,moonPhase,,,,,,,,,,,,,0.59,0.62,0.65,0.68,0.71,0.74,0.77,0.8,0.83,0.86,0.89,0.93,0.96,0.99,0.03,0.06,0.1
a35e427b4130be7b2a892e286f0ebb91,precipType,,,,,,,,,,,,,rain,rain,rain,rain,rain,rain,rain,rain,rain,rain,rain,rain,rain,rain,rain,rain,rain
a35e427b4130be7b2a892e286f0ebb91,pressure,,,,,,,,,,,,,1021.91,1023.32,1027.79,1029.46,1027.77,1025.17,1022.39,1018.64,1015.91,1008.27,998.19,1015.88,1013.64,1005.92,990.31,988.57,998.26
a35e427b4130be7b2a892e286f0ebb91,summary,,,,,,,,,,,,,Clear throughout the day.,"Mostly cloudy starting in the afternoon, continuing until evening.",Mostly cloudy until evening.,Partly cloudy until evening.,Partly cloudy until afternoon.,Overcast until afternoon.,Mostly cloudy until evening.,Mostly cloudy until evening.,Mostly cloudy until evening and breezy overnight.,Breezy in the morning and mostly cloudy until evening.,Windy and mostly cloudy until evening.,Partly cloudy until afternoon.,Overcast until evening.,Mostly cloudy until evening.,Mostly cloudy throughout the day.,Mostly cloudy until evening.,Mostly cloudy throughout the day and breezy overnight.
a35e427b4130be7b2a892e286f0ebb91,sunriseTime,,,,,,,,,,,,,1486970367,1487056654,1487142940,1487229224,1487315508,1487401789,1487488070,1487574350,1487660628,1487746905,1487833181,1487919457,1488005731,1488092004,1488178276,1488264548,1488350819
a35e427b4130be7b2a892e286f0ebb91,sunsetTime,,,,,,,,,,,,,1487005961,1487092471,1487178981,1487265491,1487352001,1487438510,1487525019,1487611528,1487698036,1487784544,1487871052,1487957560,1488044067,1488130574,1488217080,1488303586,1488390092
a35e427b4130be7b2a892e286f0ebb91,temperatureMax,,,,,,,,,,,,,48.71,52.5,52.68,52.66,55.48,54.58,53.73,63.5,55.8,56.63,52.55,49.45,50.74,52.86,48.78,46.74,48.56
a35e427b4130be7b2a892e286f0ebb91,temperatureMaxTime,,,,,,,,,,,,,1486990800,1487084400,1487163600,1487253600,1487340000,1487433600,1487516400,1487599200,1487685600,1487764800,1487836800,1487944800,1488031200,1488110400,1488157200,1488322800,1488380400
a35e427b4130be7b2a892e286f0ebb91,temperatureMin,,,,,,,,,,,,,39.72,38.64,45.01,43.84,43.78,42.91,40.75,49.85,50.82,51.78,42.69,37.87,43.55,48.89,38.78,35.7,42.68
a35e427b4130be7b2a892e286f0ebb91,temperatureMinTime,,,,,,,,,,,,,1486969200,1487055600,1487199600,1487224800,1487372400,1487390400,1487476800,1487563200,1487660400,1487804400,1487890800,1487919600,1487980800,1488067200,1488236400,1488265200,1488351600
a35e427b4130be7b2a892e286f0ebb91,time,,,,,,,,,,,,,1486944000,1487030400,1487116800,1487203200,1487289600,1487376000,1487462400,1487548800,1487635200,1487721600,1487808000,1487894400,1487980800,1488067200,1488153600,1488240000,1488326400
a35e427b4130be7b2a892e286f0ebb91,visibility,,,,,,,,,,,,,3.29,5.54,5.08,6.97,6.72,4.7,5.71,6.44,6.84,6.94,7.22,7.85,7.18,6.42,7.06,7.5,7.33
a35e427b4130be7b2a892e286f0ebb91,windBearing,,,,,,,,,,,,,81,109,185,239,241,207,247,256,252,247,258,282,219,222,215,246,243
a35e427b4130be7b2a892e286f0ebb91,windSpeed,,,,,,,,,,,,,14.25,7.8,5.84,7.89,5.07,6.33,7.67,11.16,12.36,16.97,21.64,7.96,13.81,15.4,11.76,11.61,10.24
f69e492442cd452124c75e6805d8e37d,apparentTemperatureMax,,,,,,,,,,,,,,,,,52.68,44.8,52.12,57.47,53.71,53.48,50.22,42.97,43.25,50.96,39.48,36.52,42.6
f69e492442cd452124c75e6805d8e37d,apparentTemperatureMaxTime,,,,,,,,,,,,,,,,,1487343600,1487433600,1487512800,1487599200,1487692800,1487761200,1487822400,1487944800,1488031200,1488124800,1488189600,1488312000,1488376800
f69e492442cd452124c75e6805d8e37d,apparentTemperatureMin,,,,,,,,,,,,,,,,,39.23,36.17,39.54,45.06,45.43,50.06,32.19,29.5,36.49,40.71,30.04,27.81,31.88
f69e492442cd452124c75e6805d8e37d,apparentTemperatureMinTime,,,,,,,,,,,,,,,,,1487372400,1487404800,1487466000,1487556000,1487656800,1487797200,1487890800,1487919600,1487980800,1488150000,1488232800,1488261600,1488405600
f69e492442cd452124c75e6805d8e37d,cloudCover,,,,,,,,,,,,,,,,,0.62,0.71,0.79,0.88,0.93,0.9,0.7,0.43,0.98,0.83,0.62,0.63,0.71
f69e492442cd452124c75e6805d8e37d,dewPoint,,,,,,,,,,,,,,,,,42.85,42.23,44.84,49.6,48.62,48.39,40.02,33.39,43.24,44.49,38.91,35.73,37.92
f69e492442cd452124c75e6805d8e37d,humidity,,,,,,,,,,,,,,,,,0.89,0.94,0.9,0.9,0.91,0.88,0.79,0.74,0.88,0.87,0.88,0.88,0.84
f69e492442cd452124c75e6805d8e37d,icon,,,,,,,,,,,,,,,,,partly-cloudy-day,partly-cloudy-day,partly-cloudy-day,partly-cloudy-day,cloudy,partly-cloudy-day,wind,partly-cloudy-day,cloudy,partly-cloudy-day,partly-cloudy-day,partly-cloudy-day,wind
f69e492442cd452124c75e6805d8e37d,moonPhase,,,,,,,,,,,,,,,,,0.71,0.74,0.77,0.8,0.83,0.86,0.89,0.93,0.96,0.99,0.03,0.06,0.1
f69e492442cd452124c75e6805d8e37d,precipIntensity,,,,,,,,,,,,,,,,,0,0,0,0,0.2233,0,0.1825,0,0.3563,0.1283,0.0371,0.7963,1.1238
f69e492442cd452124c75e6805d8e37d,precipIntensityMax,,,,,,,,,,,,,,,,,0,0,0,0,5.36,0,4.38,,8.55,3.08,0.89,10.22,10.22
f69e492442cd452124c75e6805d8e37d,precipIntensityMaxTime,,,,,,,,,,,,,,,,,,,,,1487692800,,1487840400,,1488045600,1488106800,1488193200,1488301200,1488409200
f69e492442cd452124c75e6805d8e37d,precipProbability,,,,,,,,,,,,,,,,,0,0,0,0,0.98,0,0.97,0,0.98,0.97,0.93,0.98,0.98
f69e492442cd452124c75e6805d8e37d,precipType,,,,,,,,,,,,,,,,,,,,,rain,,rain,,rain,rain,rain,rain,rain
f69e492442cd452124c75e6805d8e37d,pressure,,,,,,,,,,,,,,,,,1027.33,1024.25,1021.71,1018.63,1015.05,1006.98,997.14,1015.82,1010.93,1003.37,988.05,987.84,997.68
f69e492442cd452124c75e6805d8e37d,summary,,,,,,,,,,,,,,,,,Mostly cloudy throughout the day.,Mostly cloudy throughout the day.,Mostly cloudy throughout the day.,Mostly cloudy throughout the day.,Overcast throughout the day.,Mostly cloudy throughout the day.,Windy and mostly cloudy until evening.,Mostly cloudy throughout the day.,Overcast throughout the day.,Mostly cloudy throughout the day.,Mostly cloudy throughout the day.,Mostly cloudy throughout the day.,Mostly cloudy until evening and breezy overnight.
f69e492442cd452124c75e6805d8e37d,sunriseTime,,,,,,,,,,,,,,,,,1487315978,1487402257,1487488534,1487574811,1487661086,1487747360,1487833633,1487919906,1488006177,1488092447,1488178716,1488264985,1488351253
f69e492442cd452124c75e6805d8e37d,sunsetTime,,,,,,,,,,,,,,,,,1487352294,1487438806,1487525318,1487611830,1487698342,1487784853,1487871364,1487957874,1488044384,1488130894,1488217404,1488303913,1488390422
f69e492442cd452124c75e6805d8e37d,temperatureMax,,,,,,,,,,,,,,,,,52.68,48.33,52.12,57.47,53.71,53.48,50.22,46.98,49.25,50.96,45.41,43.78,47
f69e492442cd452124c75e6805d8e37d,temperatureMaxTime,,,,,,,,,,,,,,,,,1487343600,1487433600,1487512800,1487599200,1487692800,1487761200,1487822400,1487944800,1488031200,1488124800,1488189600,1488312000,1488376800
f69e492442cd452124c75e6805d8e37d,temperatureMin,,,,,,,,,,,,,,,,,42.08,41.17,43.42,48.58,48.74,50.06,39.05,35.84,42.11,45.47,35.94,32.71,38.53
f69e492442cd452124c75e6805d8e37d,temperatureMinTime,,,,,,,,,,,,,,,,,1487368800,1487404800,1487487600,1487556000,1487656800,1487797200,1487890800,1487919600,1487980800,1488150000,1488236400,1488265200,1488340800
f69e492442cd452124c75e6805d8e37d,time,,,,,,,,,,,,,,,,,1487289600,1487376000,1487462400,1487548800,1487635200,1487721600,1487808000,1487894400,1487980800,1488067200,1488153600,1488240000,1488326400
f69e492442cd452124c75e6805d8e37d,visibility,,,,,,,,,,,,,,,,,6.95,3.92,6.75,7.24,7.56,8.16,8.49,8.95,8.02,8.36,8.42,8.1,8.37
f69e492442cd452124c75e6805d8e37d,windBearing,,,,,,,,,,,,,,,,,214,201,234,252,240,252,264,276,214,219,211,249,242
f69e492442cd452124c75e6805d8e37d,windSpeed,,,,,,,,,,,,,,,,,4.37,6.62,7.04,9.59,11.14,14.2,18.24,6.98,14.41,13.64,9.49,10.05,8.37
58f7d1d3ce8cc4e808bf840b56714b38,apparentTemperatureMax,,,,,,,43.54,44.66,31.84,31,28.82,31.82,51.61,44.88,52.17,52.12,46.4,52.32,51.51,53.29,51.59,51.96,50.15,44.38,43.38,50.49,40.71,38.62,36.95
58f7d1d3ce8cc4e808bf840b56714b38,apparentTemperatureMaxTime,,,,,,,1486468800,1486562400,1486648800,1486735200,1486821600,1486940400,1486994400,1487088000,1487170800,1487253600,1487336400,1487426400,1487516400,1487599200,1487682000,1487772000,1487829600,1487948400,1488024000,1488117600,1488153600,1488297600,1488394800
58f7d1d3ce8cc4e808bf840b56714b38,apparentTemperatureMin,,,,,,,33.36,31.07,24.82,24.88,24.57,26.38,31.84,33.04,41.54,36.05,38.95,37.98,38.86,43.51,42.77,41.35,33.7,32.16,39.05,40.56,30.05,28.41,34.98
58f7d1d3ce8cc4e808bf840b56714b38,apparentTemperatureMinTime,,,,,,,1486508400,1486591200,1486620000,1486760400,1486771200,1486893600,1486944000,1487048400,1487199600,1487228400,1487293200,1487386800,1487480400,1487631600,1487646000,1487736000,1487890800,1487901600,1487995200,1488106800,1488225600,1488240000,1488409200
58f7d1d3ce8cc4e808bf840b56714b38,cloudCover,,,,,,,0.35,0.46,0.6,0.69,,,0.13,0.71,0.53,0.41,0.18,0,,0.89,0.82,0.77,0.52,0.07,,,0.51,0.4,0.5
58f7d1d3ce8cc4e808bf840b56714b38,dewPoint,,,,,,,40.03,36.53,31.28,30.5,29.57,33.28,38.39,42.93,46.08,43.15,43.46,44.15,46.16,49.1,48.28,48.35,39.78,35.39,43.85,45.37,38.44,35.94,39.18
58f7d1d3ce8cc4e808bf840b56714b38,humidity,,,,,,,0.88,0.87,0.84,0.84,0.82,0.86,0.77,0.93,0.93,0.91,0.94,0.93,0.93,0.96,0.93,0.92,0.77,0.74,0.86,0.9,0.88,0.81,0.85
58f7d1d3ce8cc4e808bf840b56714b38,icon,,,,,,,partly-cloudy-night,partly-cloudy-night,partly-cloudy-night,partly-cloudy-day,clear-day,partly-cloudy-night,partly-cloudy-day,fog,partly-cloudy-day,partly-cloudy-day,fog,fog,fog,fog,wind,partly-cloudy-day,wind,partly-cloudy-day,clear-day,clear-day,partly-cloudy-night,partly-cloudy-day,wind
58f7d1d3ce8cc4e808bf840b56714b38,moonPhase,,,,,,,0.38,0.41,0.45,0.49,0.52,0.55,0.59,0.62,0.65,0.68,0.71,0.74,0.77,0.8,0.83,0.86,0.89,0.93,0.96,0.99,0.03,0.06,0.1
58f7d1d3ce8cc4e808bf840b56714b38,precipType,,,,,,,rain,rain,rain,rain,rain,rain,rain,rain,rain,rain,rain,rain,rain,rain,rain,rain,rain,rain,rain,rain,rain,rain,rain
58f7d1d3ce8cc4e808bf840b56714b38,pressure,,,,,,,1014.86,1026.9,1025.88,1023.93,1024.41,1020.48,1015.95,1019.85,1026.46,1030.23,1027.73,1024.23,1023.73,1022.06,1018.6,1011.44,1003.21,1018,1012.78,1005.49,989.44,991.25,999.91
58f7d1d3ce8cc4e808bf840b56714b38,summary,,,,,,,Partly cloudy in the morning.,Mostly cloudy throughout the day.,Mostly cloudy throughout the day.,Mostly cloudy until afternoon.,Clear throughout the day.,Mostly cloudy in the morning.,Partly cloudy until afternoon.,Foggy starting in the evening.,Partly cloudy throughout the day.,Mostly cloudy throughout the day.,Foggy overnight.,Foggy in the morning.,Foggy overnight.,Foggy in the morning.,Mostly cloudy throughout the day and breezy overnight.,Mostly cloudy until evening.,"Windy until afternoon and mostly cloudy starting in the afternoon, continuing until evening.",Partly cloudy in the afternoon.,Clear throughout the day.,Clear throughout the day.,Mostly cloudy in the morning.,Partly cloudy until evening.,Partly cloudy throughout the day and breezy overnight.
58f7d1d3ce8cc4e808bf840b56714b38,sunriseTime,,,,,,,1486453301,1486539601,1486625898,1486712195,1486798490,1486884783,1486971075,1487057365,1487143654,1487229942,1487316228,1487402514,1487488798,1487575080,1487661362,1487747643,1487833922,1487920201,1488006478,1488092755,1488179030,1488265305,1488351579
58f7d1d3ce8cc4e808bf840b56714b38,sunsetTime,,,,,,,1486487850,1486574357,1486660864,1486747371,1486833879,1486920386,1487006893,1487093399,1487179906,1487266412,1487352919,1487439425,1487525930,1487612436,1487698941,1487785446,1487871950,1487958454,1488044958,1488131462,1488217965,1488304468,1488390970
58f7d1d3ce8cc4e808bf840b56714b38,temperatureMax,,,,,,,47.91,46.73,39.22,38.06,36.03,41.08,51.61,48.23,52.17,52.12,49.45,52.32,51.51,53.29,51.59,51.96,50.15,48.37,49.74,50.49,45.67,46.38,45.16
58f7d1d3ce8cc4e808bf840b56714b38,temperatureMaxTime,,,,,,,1486468800,1486562400,1486648800,1486735200,1486821600,1486940400,1486994400,1487088000,1487170800,1487253600,1487336400,1487426400,1487516400,1487599200,1487682000,1487772000,1487829600,1487948400,1488024000,1488117600,1488153600,1488297600,1488394800
58f7d1d3ce8cc4e808bf840b56714b38,temperatureMin,,,,,,,38.22,36.6,31.68,31.1,30.65,35.06,41.23,41.22,46.17,39.63,40.72,43.12,43.9,48.63,48.52,48.63,40.97,37.09,45.18,45.64,37.08,34.85,41.3
58f7d1d3ce8cc4e808bf840b56714b38,temperatureMinTime,,,,,,,1486508400,1486594800,1486620000,1486764000,1486771200,1486857600,1486944000,1487048400,1487199600,1487228400,1487311200,1487386800,1487462400,1487631600,1487646000,1487736000,1487890800,1487919600,1487980800,1488150000,1488236400,1488265200,1488351600
58f7d1d3ce8cc4e808bf840b56714b38,time,,,,,,,1486425600,1486512000,1486598400,1486684800,1486771200,1486857600,1486944000,1487030400,1487116800,1487203200,1487289600,1487376000,1487462400,1487548800,1487635200,1487721600,1487808000,1487894400,1487980800,1488067200,1488153600,1488240000,1488326400
58f7d1d3ce8cc4e808bf840b56714b38,visibility,,,,,,,7.15,7.79,6,4.77,6.66,5.17,5.16,2.64,5.43,6.64,5.19,3.24,5.01,3.58,4.62,4.33,7.4,8.55,7.28,6.57,7.45,7.91,6.83
58f7d1d3ce8cc4e808bf840b56714b38,windBearing,,,,,,,267,353,77,45,16,59,85,104,189,240,170,143,260,273,260,253,270,279,215,222,229,271,256
58f7d1d3ce8cc4e808bf840b56714b38,windSpeed,,,,,,,5.7,3.68,10.42,10.54,9.01,15.86,19.54,11.7,6.58,6.18,4.71,5.97,8.16,10.68,15.61,19.23,20.78,7.3,15.62,13.98,11.39,14.71,9.83
